objname,dist_parsec,vgsr(km/s)
UGC12914,49.888448746,4522
UGC00014,101.391138574,7428
NGC7817,27.9254384124,2470
PGC000465,172.981635922,11673
ESO293-034,20.8929613085,1477
UGC00052,69.8232404077,5386
UGC00054,73.1139083483,4441
NGC0007,20.6062991327,1503
NGC0023,51.2861383991,4728
NGC0029,77.6247116629,4948
ESO293-045,27.1643926884,1428
UGC00132,20.5116217883,1815
NGC0048,58.6138164514,1972
PGC001288,50.1187233627,3789
UGC00196,55.9757601495,5336
NGC0105,72.1107479183,5318
NGC0115,28.7078058202,1812
UGC00256,47.8630092323,5372
UGC00260,27.9254384124,2263
PGC073507,162.181009736,13297
UGC00312,55.7185748932,4480
ESO079-003,33.1131121483,2508
UGC00320,41.304750199,2472
IC1553,32.2106879128,2934
NGC0150,21.0862814993,1577
NGC0157,28.0543363795,1718
NGC0191,97.2747223777,6136
UGC00392,26.9153480393,1587
NGC0214,57.5439937337,4687
PGC002492,25.8226019063,1585
ESO540-016,26.6685866452,1582
NGC0232,83.1763771103,6694
UGC00477,38.5478357666,2785
PGC002726,167.494287603,11317
UGC00485,61.9441075077,5406
NGC0252,77.2680585096,5092
UGC00501,70.7945784384,5241
UGC00509,72.4435960075,5294
UGC00511,77.9830110523,4758
PGC002964,43.651583224,5127
UGC00521,32.9609712177,792
UGC00525,37.6703798984,5085
NGC0278,29.3764965196,820
PGC003062,30.3389118419,1478
UGC00536,78.7045789695,5014
NGC0289,20.796966871,1608
UGC00542,54.2000890402,4663
PGC003183,41.4954042634,4950
PGC003184,87.0963589956,6946
UGC00549,72.1107479183,6222
UGC00557,81.2830516164,4654
UGC00556,74.4731973906,4790
NGC0298,27.2897778281,1810
UGC00562,54.7015962894,5622
UGC00565,49.4310686987,5800
PGC003285,89.949758153,6824
IC1601,118.576874817,3746
UGC00575,66.0693448008,4813
PGC003466,61.3762005165,4880
UGC00607,207.96966871,11769
ESO541-004,27.7971326776,2017
UGC00608,36.8128973643,2934
ESO541-005,41.8793565118,1968
UGC00622,36.8128973643,2893
IC0066,81.6582371359,4989
NGC0338,77.9830110523,4931
IC0065,29.3764965196,2794
UGC00628,85.5066712885,5574
UGC00633,91.2010839356,5729
UGC00634,26.9153480393,2309
IC1610,73.7904230129,5653
NGC0360,30.4789498963,2179
UGC00646,67.2976656284,5439
PGC003855,32.5087297385,2473
UGC00669,43.651583224,6010
UGC00673,99.0831944893,6401
UGC00679,54.9540873858,5225
NGC0406,20.9893988362,1369
NGC0382,73.4513868157,5375
UGC00711,24.4343055269,2054
UGC00714,52.480746025,4787
PGC004143,30.6196343369,1927
UGC00732,56.4936974812,5592
PGC004222,82.7942163712,5725
UGC00748,77.9830110523,5009
UGC00764,87.0963589956,4893
NGC0448,30.0607630263,1988
NGC0444,49.2039535681,4982
UGC00809,66.9884609417,4358
NGC0452,66.6806769214,5109
UGC00825,80.5378441199,5512
UGC00841,62.8058358813,5720
NGC0470,48.7528490103,2448
NGC0474,27.5422870334,2445
NGC0477,92.0449571753,6024
NGC0485,30.9029543251,2333
NGC0488,37.8442584717,2346
UGC00903,36.8128973643,2626
NGC0489,45.2897579904,2594
UGC00909,83.9459986519,5235
ESO352-057,89.1250938134,5639
NGC0494,65.7657837355,5591
NGC0495,75.1622894018,4250
NGC0496,53.2108259267,6151
NGC0512,92.896638678,5010
NGC0514,26.1818300822,2568
IC0101,34.9945167028,2487
UGC00958,34.6736850453,2524
UGC00964,40.7380277804,2820
NGC0522,38.9045144994,2817
NGC0524,32.5087297385,2510
NGC0532,34.6736850453,2459
NGC0523,73.1139083483,4906
UGC00987,56.7544605409,4799
PGC005329,25.2348077248,2042
PGC005341,45.498806015,2001
NGC0536,60.8135001279,5335
ESO476-010,21.6770410482,1584
UGC01020,39.6278034255,2696
UGC01033,58.8843655356,4179
NGC0551,64.2687717317,5340
UGC01054,71.4496326076,2807
UGC01066,73.7904230129,5210
IC0126,73.1139083483,5948
UGC01070,22.3872113857,2963
IC1711,44.2588372363,2910
UGC01087,69.5024317589,4582
NGC0582,64.2687717317,4491
NGC0596,21.5774440915,1936
UGC01110,35.3183169792,2861
UGC01112,24.6603933723,1772
NGC0613,26.4240875732,1446
NGC0615,27.7971326776,1900
NGC0632,43.651583224,3234
UGC01160,71.7794291271,5582
UGC01162,172.186857499,11258
NGC0634,75.8577575029,5070
NGC0636,29.5120922667,1883
UGC01178,57.2796030986,5643
PGC006190,31.3328572432,2156
NGC2573,25.351286305,2257
NGC0658,44.8745389933,3074
UGC01197,35.6451133426,2894
UGC01234,94.1889596523,5792
UGC01240,23.550492839,1863
NGC0668,56.234132519,4638
UGC01257,83.9459986519,4799
NGC0673,69.5024317589,5261
NGC0681,44.4631267469,1761
IC0163,25.003453617,2851
PGC006703,27.0395836411,1446
NGC0680,31.0455958813,2916
NGC0691,36.982817978,2769
NGC0688,59.7035286584,4283
IC1735,141.253754462,11496
NGC0701,20.1372424986,1862
UGC01316,81.2830516164,4841
PGC006864,44.2588372363,2155
UGC01319,57.0164272281,5448
PGC006898,36.140986264,1665
NGC0708,49.2039535681,4974
PGC006966,67.9203632617,5040
NGC0710,35.6451133426,6242
NGC0720,27.4157417193,1717
UGC01366,75.8577575029,5247
NGC0721,55.9757601495,5737
UGC01378,46.9894108605,3111
NGC0748,73.7904230129,5338
UGC01416,120.226443462,5605
PGC007324,29.3764965196,1859
NGC0759,67.9203632617,4779
UGC01459,68.2338694142,5600
NGC0772,23.550492839,2532
NGC0769,50.5824662003,4538
UGC01470,73.1139083483,5288
UGC01493,48.7528490103,4274
NGC0783,61.3762005165,5315
UGC01500,30.199517204,2524
NGC0799,79.4328234724,5869
NGC0801,56.7544605409,5896
NGC0803,21.4783047413,2180
NGC0809,87.9022516831,5348
UGC01567,165.958690744,9163
PGC007957,82.4138115013,4542
UGC01581,59.9791076256,4542
NGC0812,55.9757601495,5308
NGC0821,23.3345806228,1818
NGC0820,64.5654229035,4500
NGC0825,87.9022516831,3447
NGC0818,58.3445104274,4377
IC0210,20.0447202737,1935
UGC01650,76.2079010025,4717
IC1783,37.1535229097,3280
UGC01666,182.810021614,13416
NGC0841,55.9757601495,4669
UGC01685,90.7820530178,6298
ESO544-027,42.2668614266,2438
UGC01726,68.8652296344,5389
ESO544-031,154.170045295,15864
IC1788,45.2897579904,3445
IC0217,20.796966871,1885
NGC0865,30.9029543251,3101
UGC01753,28.4446110745,3096
PGC008778,87.4983775227,6174
PGC008796,159.220872705,11127
IC0219,77.2680585096,5042
ESO545-002,20.4173794467,1575
ESO545-003,23.7684028662,1556
ESO545-005,29.6483138952,2301
NGC0895,35.3183169792,2295
UGC01820,41.686938347,4073
UGC01839,27.2897778281,1562
NGC0907,25.8226019063,1614
UGC01862,22.2843514927,1400
UGC01867,59.4292158616,5330
NGC0911,87.4983775227,5896
NGC0914,73.7904230129,5664
PGC009272,32.9609712177,2097
NGC0935,39.4457302075,4247
NGC0931,36.4753946926,5096
NGC0941,21.9785987278,1615
UGC01958,24.6603933723,1113
UGC01970,32.0626932451,2002
UGC01980,68.2338694142,4883
NGC0958,77.6247116629,5746
UGC01988,61.3762005165,5903
UGC01993,127.057410521,8143
UGC01999,22.181964198,1044
UGC02035,65.1628394061,5208
NGC0976,53.9510622515,4374
NGC0973,62.8058358813,4959
PGC009800,62.2300285169,4758
PGC009816,31.0455958813,3873
ESO545-038,157.036280433,4628
NGC0992,45.7088189615,4211
NGC1024,44.8745389933,3580
UGC02159,49.888448746,5287
NGC1051,21.379620895,1286
UGC02171,60.5340874754,4661
NGC1056,31.1888958409,1632
UGC02194,56.4936974812,5600
NGC1079,33.8844156139,1376
UGC02201,62.5172692776,4230
IC1844,90.3649473722,6826
NGC1090,28.0543363795,2887
NGC1110,21.1836113525,1305
PGC010738,176.197604641,10380
UGC02364,83.5603018231,5451
NGC1134,37.8442584717,3687
UGC02375,109.144033645,7623
PGC010948,76.5596606911,6465
UGC02370,41.8793565118,2282
NGC1145,26.4240875732,2003
UGC02384,136.144468247,9884
PGC011004,45.0816704541,3646
UGC02405,103.276140576,7715
UGC02404,76.9130440287,4983
UGC02415,94.6237161366,7790
UGC02429,30.4789498963,1773
UGC02443,32.6587832172,2510
PGC011248,24.3220400907,2360
UGC02444,102.329299228,6718
NGC1162,40.926065973,3897
UGC02411,36.4753946926,2706
UGC02454,100.925288608,7644
IC0277,62.2300285169,2855
PGC011350,76.2079010025,8420
NGC1163,37.8442584717,2228
PGC011365,127.057410521,8928
UGC02459,36.307805477,2592
UGC02463,38.0189396321,2010
NGC1160,23.7684028662,2647
NGC1172,21.9785987278,1485
NGC1169,37.8442584717,2508
NGC1199,32.8095293113,2630
UGC02485,23.6591969749,2178
NGC1171,25.2348077248,2856
UGC02511,55.2077439281,3954
ESO300-009,89.536476555,5960
NGC1186,36.6437574648,2853
NGC1209,35.4813389234,2588
IC0284,24.3220400907,2833
UGC02540,104.712854805,4025
IC1892,37.6703798984,2810
PGC011767,124.165230759,8643
PGC011782,56.4936974812,3078
UGC02519,26.5460556198,2530
ESO547-012,42.0726628384,1949
IC0292,36.8128973643,3165
NGC1233,64.2687717317,4489
ESO116-012,21.9785987278,993
NGC1253,21.379620895,1688
IC0304,75.5092227665,5049
PGC012130,32.9609712177,2286
UGC02617,42.2668614266,4801
NGC1259,69.1830970919,5934
NGC1260,68.2338694142,5855
UGC02637,47.424198526,5218
UGC02650,133.045441798,8462
UGC02655,51.0504999975,6297
NGC1297,28.313919958,1507
IC1914,23.8781128291,886
IC1913,21.8776162395,1343
NGC1275,77.9830110523,5365
NGC1299,25.003453617,2280
ESO481-021,21.7770977235,1659
PGC012608,27.6694164541,1941
NGC1309,34.35579479,2073
NGC1316,20.4173794467,1670
UGC02708,77.2680585096,5429
NGC1325,22.0800473302,1507
PGC012798,26.7916832482,1807
UGC02730,74.8169500511,3863
NGC1332,22.6986485188,1444
NGC1331,22.9086765277,1127
ESO358-006,20.4173794467,1152
ESO548-021,22.5943577022,1600
NGC1340,20.6062991327,1075
ESO418-008,21.5774440915,1086
PGC013097,20.3235701094,1541
NGC1353,26.6685866452,1446
ESO548-032,25.9417936212,1877
ESO482-005,31.477483141,1822
IC1952,22.80342072,1722
PGC013177,20.0447202737,1257
NGC1359,38.9045144994,1890
NGC1366,20.8929613085,1194
NGC1367,23.8781128291,1366
IC0335,20.5116217883,1516
IC1962,22.9086765277,1718
NGC1380,20.1372424986,1753
NGC1381,21.6770410482,1605
IC1970,20.5116217883,1103
NGC1380B,20.1372424986,1628
NGC1389,20.9893988362,798
ESO358-042,20.4173794467,1041
UGC02798,63.6795520908,5033
ESO358-043,20.796966871,1260
UGC02801,80.9095899178,6106
NGC1399,20.5116217883,1302
NGC1395,23.8781128291,1607
NGC1404,20.0447202737,1822
NGC1398,24.7742205763,1297
NGC1400,26.0615355,506
UGC02800,20.4173794467,1330
NGC1407,28.5759054337,1708
NGC1419,22.5943577022,2004
ESO482-035,25.8226019063,1786
UGC02829,88.7156012038,6146
NGC1425,21.5774440915,1398
NGC1428,20.4173794467,1513
NGC1421,20.0447202737,2016
ESO548-082,40.5508535448,1641
NGC1426,23.3345806228,1350
PGC013646,35.1560440528,2093
ESO156-008,246.603933723,17532
ESO358-056,21.379620895,977
PGC013684,27.7971326776,1135
UGC02827,22.5943577022,1678
PGC013716,29.2415237784,1508
NGC1439,26.4240875732,1573
ESO549-018,26.6685866452,1485
UGC02868,85.1138038202,5495
ESO482-046,22.6986485188,1416
ESO549-035,38.9045144994,1722
UGC02896,39.0840895792,2387
UGC02915,78.7045789695,5360
UGC02920,67.9203632617,4219
UGC02906,66.0693448008,2646
PGC014370,74.1310241301,4660
ESO359-016,25.351286305,1271
ESO550-005,21.9785987278,1788
UGC02956,57.0164272281,4593
IC0356,21.5774440915,1040
PGC014600,31.6227766017,2862
PGC014626,39.0840895792,1781
UGC02982,46.7735141287,5275
UGC02988,55.2077439281,3840
NGC1537,23.0144181741,1272
PGC014768,27.4157417193,1853
PGC014780,111.686324778,8822
UGC03009,42.6579518802,3777
NGC1558,60.5340874754,4371
UGC03028,53.4564359397,5527
UGC03048,39.4457302075,3189
UGC03066,65.1628394061,4594
UGC03070,28.7078058202,2449
ESO202-035,26.6685866452,1700
UGC03078,64.5654229035,5462
UGC03084,46.3446919736,4032
UGC03089,58.0764417521,4593
NGC1620,40.926065973,3443
UGC03092,71.7794291271,4932
UGC03108,50.8159442561,4029
ESO157-049,23.6591969749,1494
UGC03122,67.6082975392,4642
UGC03114,55.7185748932,3855
UGC03110,55.7185748932,4632
PGC015869,42.8548520397,2429
IC0381,25.9417936212,2626
UGC03148,69.5024317589,4720
UGC03151,60.5340874754,4580
UGC03161,196.788628971,8711
UGC03143,68.8652296344,4694
UGC03147,38.194427084,3024
UGC03172,68.2338694142,4686
UGC03167,69.8232404077,4857
PGC016118,55.2077439281,4368
IC2098,42.0726628384,2731
ESO119-016,31.6227766017,785
UGC03186,66.3743070402,4513
ESO422-005,36.6437574648,1313
PGC016322,49.888448746,3755
UGC03207,69.1830970919,4494
UGC03205,58.8843655356,3607
NGC1699,51.0504999975,3844
UGC03214,70.145529842,4829
NGC1723,31.6227766017,3629
ESO486-003,36.4753946926,1624
UGC03218,74.1310241301,5340
ESO552-052,64.5654229035,4453
NGC1752,45.0816704541,3472
UGC03237,53.2108259267,4116
NGC1762,102.329299228,4674
NGC1784,27.7971326776,2199
PGC016772,30.7609681474,2244
NGC1797,75.1622894018,4356
PGC016850,23.1206479018,1843
UGC03250,94.1889596523,4644
PGC016875,30.4789498963,2556
ESO553-017,38.0189396321,1828
PGC016894,27.4157417193,1851
NGC1819,60.2559586074,4398
NGC1832,25.1188643151,1807
NGC1853,28.313919958,1218
ESO305-017,25.1188643151,891
ESO423-002,20.3235701094,1305
UGC03275,136.144468247,7895
IC0407,43.8530697775,2690
UGC03283,69.8232404077,4412
UGC03253,62.8058358813,4285
UGC03276,32.0626932451,2648
UGC03296,66.9884609417,4189
NGC1886,29.2415237784,1600
NGC1888,39.4457302075,2290
PGC017217,40.5508535448,2359
IC0416,50.1187233627,3048
NGC1924,30.4789498963,2430
PGC017395,29.2415237784,2589
NGC1964,21.9785987278,1504
UGC03319,69.8232404077,4344
PGC017475,101.859138805,6910
UGC03329,66.0693448008,5206
ESO554-018,46.9894108605,2711
UGC03332,73.1139083483,5767
UGC03326,83.1763771103,4252
NGC1961,79.0678628,4060
ESO554-028,32.359365693,1908
NGC2049,67.6082975392,2813
UGC03351,48.7528490103,4500
PGC017787,226.986485188,14796
IC2143,37.6703798984,2892
UGC03354,44.8745389933,3171
ESO555-002,39.8107170553,2210
IC2150,42.4619563946,2925
UGC03365,88.3079900419,5267
IC0438,38.0189396321,2966
UGC03375,49.659232145,5851
PGC018109,71.4496326076,5854
NGC2124,45.2897579904,2797
IC2152,26.9153480393,1701
UGC03379,53.9510622515,4233
ESO488-049,32.5087297385,1622
UGC03373,60.5340874754,4905
ESO425-002,29.3764965196,1208
ESO555-029,49.4310686987,2725
PGC018373,37.3250157796,2066
ESO488-060,25.4683025259,1623
ESO005-004,25.5858588691,1687
ESO489-006,24.3220400907,2049
PGC018467,64.2687717317,4386
ESO425-011,58.0764417521,3024
UGC03406,68.8652296344,5316
PGC018581,26.4240875732,1904
UGC03422,64.5654229035,4184
UGC03420,77.2680585096,5244
UGC03432,70.145529842,5077
UGC03413,44.4631267469,4364
ESO489-029,26.1818300822,1518
UGC03423,62.8058358813,4417
NGC2146,26.6685866452,1041
PGC018813,74.4731973906,5416
PGC018848,25.5858588691,2675
ESO556-015,26.7916832482,1811
ESO121-026,35.6451133426,2057
NGC2217,23.0144181741,1431
NGC2146A,21.8776162395,1638
UGC03459,46.7735141287,2781
PGC018989,30.4789498963,4372
ESO426-008,105.196187382,6866
IC2166,30.3389118419,2776
ESO490-005,119.124200803,6929
ESO490-007,30.0607630263,2656
ESO490-010,21.2813904598,1633
UGC03474,46.131757456,3751
UGC03489,81.6582371359,5398
ESO490-014,32.8095293113,2521
UGC03484,103.752841582,7500
ESO557-005,198.609491736,10948
UGC03498,46.9894108605,3713
PGC019325,87.4983775227,5835
NGC2263,27.0395836411,2552
NGC2273A,20.5116217883,2186
ESO490-028,24.4343055269,1950
ESO122-001,28.4446110745,2401
NGC2271,31.477483141,2408
UGC03524,46.7735141287,3834
ESO490-036,32.6587832172,1741
NGC2280,24.5470891569,1718
ESO427-006,44.6683592151,2591
NGC2273B,20.796966871,2194
ESO490-045,23.9883291902,1514
NGC2258,64.2687717317,4190
UGC03500,46.131757456,4545
UGC03539,48.305880204,3409
NGC2273,30.4789498963,1925
UGC03561,85.5066712885,5714
UGC03576,101.859138805,6009
UGC03584,58.0764417521,4397
UGC03587,23.9883291902,1197
UGC03575,59.7035286584,4008
UGC03540,30.7609681474,2096
ESO491-009,34.1979442514,1857
UGC03580,25.1188643151,1320
UGC03605,142.56075936,7881
UGC03595,115.877735616,7973
UGC03611,77.9830110523,4925
ESO491-012,42.4619563946,2383
PGC019975,36.8128973643,3372
ESO491-015,36.307805477,2477
UGC03627,74.8169500511,6330
UGC03630,25.351286305,1632
UGC03634,107.151930524,7800
UGC03637,34.35579479,3426
NGC2325,25.351286305,1954
NGC2320,80.9095899178,5948
ESO427-034,28.7078058202,2179
UGC03691,29.3764965196,2113
NGC2339,30.6196343369,2178
PGC020274,30.7609681474,1554
ESO491-020,48.9778819368,2672
UGC03675,61.9441075077,3919
UGC03731,67.6082975392,4864
UGC03725,86.2978547767,6212
UGC03717,52.7229861423,4314
UGC03751,26.302679919,2235
NGC2268,31.3328572432,2382
UGC03757,109.647819614,5572
UGC03763,127.643880881,7143
ESO428-009,36.6437574648,2029
UGC03770,98.6279485631,6316
UGC03749,27.4157417193,1261
NGC2347,88.3079900419,4519
NGC2369,33.2659553294,3020
UGC03776,43.8530697775,3860
UGC03777,36.8128973643,3175
ESO428-015,22.3872113857,1868
ESO428-018,34.5143739336,1870
ESO428-017,34.5143739336,2180
NGC2357,30.6196343369,2213
UGC03787,152.054752973,8469
UGC03783,104.712854805,6126
UGC03784,65.1628394061,2541
ESO367-017,28.4446110745,2569
UGC03789,49.659232145,3385
UGC03808,49.659232145,2332
PGC020830,90.3649473722,5032
UGC03820,40.3645392968,2444
NGC2365,39.4457302075,2210
UGC03804,42.0726628384,2992
ESO123-009,35.9749335156,2994
ESO428-028,30.7609681474,2046
NGC2380,25.4683025259,1575
UGC03845,51.2861383991,3061
PGC021028,58.0764417521,2321
NGC2336,31.7687407065,2347
NGC2389,61.0942024906,3920
UGC03876,26.6685866452,815
UGC03879,58.8843655356,4770
NGC2393,63.095734448,4861
NGC2417,32.9609712177,2982
IC0467,23.8781128291,2178
ESO123-016,32.8095293113,3029
ESO429-001,35.1560440528,1903
NGC2434,21.379620895,1237
IC2199,59.4292158616,4640
ESO257-019,35.8096437103,2646
NGC2442,21.1836113525,1245
UGC03922,138.03842646,8846
UGC03919,59.1561634175,4958
UGC03909,23.4422881532,1069
UGC03937,43.651583224,3975
UGC03921,58.8843655356,2601
ESO560-004,37.4973002245,1979
UGC03955,52.9663443892,4986
PGC021549,159.955802861,8330
ESO163-014,38.0189396321,2638
UGC03979,64.2687717317,4163
ESO123-023,40.7380277804,2688
PGC021697,82.4138115013,5245
ESO560-012,45.498806015,3110
ESO560-013,51.5228644582,3041
UGC04024,31.6227766017,1799
NGC2441,53.4564359397,3586
UGC04060,68.8652296344,4570
ESO035-018,26.4240875732,1562
IC0480,49.659232145,4570
NGC2460,38.7257644922,1518
ESO494-007,25.7039578277,1350
ESO561-003,42.4619563946,3318
PGC022401,110.153930954,7343
UGC04133,119.124200803,8968
UGC04169,32.2106879128,1681
NGC2512,59.7035286584,4634
UGC04078,26.9153480393,2018
UGC04195,73.7904230129,4981
ESO494-021,36.6437574648,1376
ESO430-026,33.1131121483,1436
NGC2523,36.982817978,3604
UGC04296,123.026877081,8868
UGC04306,23.550492839,2390
PGC023262,27.0395836411,2028
IC2267,41.8793565118,2011
IC2311,23.1206479018,1631
PGC023338,77.9830110523,4950
NGC2565,57.0164272281,3503
UGC04322,108.14339513,7447
UGC04381,53.703179637,4462
UGC04375,40.1790810849,1985
PGC023574,60.8135001279,4526
IC2367,24.0990542869,2247
UGC04386,69.1830970919,4550
NGC2550,26.302679919,2392
NGC2590,63.9734835483,4840
UGC04413,32.6587832172,2414
UGC04446,85.9013521505,5930
ESO431-013,38.0189396321,2612
UGC04455,133.659551655,9108
NGC2613,26.7916832482,1466
ESO562-018,92.4698173938,4524
ESO431-016,31.6227766017,2581
NGC2608,40.5508535448,2099
PGC024189,77.2680585096,5715
ESO563-002,23.550492839,1445
PGC024286,127.057410521,8118
UGC04524,33.4195040026,1802
ESO432-002,35.6451133426,2631
ESO563-014,25.5858588691,1505
UGC04550,38.0189396321,1955
UGC04559,44.0554863507,2026
ESO563-017,61.9441075077,3252
IC0499,52.9663443892,2110
ESO563-021,87.4983775227,4376
IC2389,22.5943577022,2502
NGC2633,24.8885731828,2291
NGC2634,33.1131121483,2381
PGC024778,38.194427084,2726
ESO563-026,40.1790810849,3199
UGC04625,134.276496114,8328
ESO563-028,39.9944749761,2417
ESO371-020,26.9153480393,2141
PGC024870,38.5478357666,1800
UGC04640,51.2861383991,3146
UGC04623,44.0554863507,3016
PGC024988,142.56075936,9068
NGC2695,32.0626932451,1669
IC0522,68.5488226453,5126
NGC2699,26.6685866452,1658
NGC2708,44.4631267469,1832
NGC2706,50.8159442561,1468
UGC04601,30.7609681474,1915
ESO060-019,21.1836113525,1227
NGC2722,34.0408189701,2593
NGC2701,33.4195040026,2375
UGC04701,40.7380277804,1544
ESO090-015,28.8403150313,1455
NGC2731,21.5774440915,2453
ESO564-012,80.5378441199,3346
UGC04754,75.5092227665,5459
NGC2758,33.2659553294,1757
NGC2726,56.7544605409,1617
PGC025563,68.5488226453,3585
NGC2763,24.5470891569,1694
NGC2772,76.9130440287,3214
NGC2715,23.8781128291,1465
ESO564-023,110.662378398,7531
ESO314-005,66.6806769214,4583
NGC2756,50.3500608788,4025
UGC04800,43.8530697775,2491
ESO497-018,95.9400631516,4903
PGC025886,31.0455958813,1657
UGC11780,203.235701094,15422
NGC2768,22.181964198,1469
ESO564-027,35.6451133426,1972
ESO497-022,29.9226463661,2205
UGC04845,36.6437574648,1994
ESO091-003,20.0447202737,1682
ESO564-032,35.1560440528,2554
ESO564-031,61.6595001861,4951
ESO126-003,50.8159442561,2699
UGC04867,51.5228644582,2490
UGC04841,34.1979442514,1250
ESO433-010,35.8096437103,1903
ESO564-033,92.0449571753,4965
NGC2811,32.8095293113,2163
NGC2815,41.4954042634,2332
NGC2821,45.7088189615,2220
IC0529,29.2415237784,2380
ESO061-008,44.0554863507,3156
PGC026411,63.3869711257,3258
ESO372-016,35.4813389234,2201
NGC2844,46.131757456,1471
ESO126-010,37.3250157796,1925
IC2469,24.8885731828,1442
NGC2865,37.4973002245,2512
ESO498-003,32.0626932451,2153
PGC1188501,203.235701094,14970
UGC01998,67.2976656284,6352
NGC2894,59.4292158616,2016
NGC2880,21.6770410482,1562
NGC2904,23.3345806228,2119
ESO434-010,36.307805477,2285
UGC05050,23.6591969749,2313
ESO434-011,23.3345806228,2340
PGC027054,66.0693448008,4168
NGC2906,42.6579518802,2160
PGC027130,30.199517204,1913
PGC027158,36.8128973643,2482
NGC2921,49.659232145,2759
NGC2919,38.0189396321,2413
NGC2935,36.6437574648,2069
NGC2930,106.16955572,7304
ESO565-029,28.0543363795,2200
ESO373-012,31.6227766017,2421
NGC2938,41.4954042634,2415
PGC027509,91.6220490122,6457
ESO373-019,37.3250157796,2586
NGC2962,34.8337315036,1822
ESO434-023,44.6683592151,2313
PGC027747,33.8844156139,1682
NGC2974,21.2813904598,1728
PGC027810,50.5824662003,2522
ESO373-021,49.888448746,2426
NGC2986,34.0408189701,2123
NGC3001,55.7185748932,2248
UGC05228,25.8226019063,1620
UGC05234,99.0831944893,5917
UGC05203,30.199517204,1682
ESO499-005,49.659232145,4089
UGC05245,25.8226019063,1258
IC2510,31.0455958813,2583
ESO566-014,55.2077439281,4477
IC2511,37.8442584717,2680
IC2513,34.6736850453,2650
PGC028308,43.0526610492,2514
ESO499-009,35.8096437103,1874
NGC2985,32.8095293113,1441
NGC6962,53.703179637,4358
NGC3038,39.26449354,2566
PGC028380,41.8793565118,2341
ESO374-003,30.6196343369,2710
NGC3045,31.1888958409,2056
NGC3044,21.4783047413,1143
NGC3054,33.2659553294,2218
IC2522,29.9226463661,2796
ESO499-022,38.3707245492,2004
ESO435-014,37.8442584717,2450
ESO435-015,30.0607630263,2200
UGC05349,27.1643926884,1362
ESO499-025,25.9417936212,2200
NGC3078,34.8337315036,2352
ESO435-019,25.351286305,2595
NGC3087,34.6736850453,2416
IC0582,82.7942163712,7539
NGC3089,28.8403150313,2493
IC2531,35.6451133426,2258
NGC3095,31.0455958813,2516
UGC05376,40.926065973,1915
NGC3094,44.6683592151,2308
ESO567-006,77.6247116629,3524
IC2536,28.8403150313,2511
IC2537,35.1560440528,2576
IC2539,31.1888958409,2620
NGC3120,21.5774440915,2570
NGC3136,24.3220400907,1490
NGC3124,37.3250157796,3364
UGC05459,20.9893988362,1160
ESO435-044,45.498806015,1984
IC2554,24.6603933723,1183
NGC3145,49.4310686987,3472
NGC3136B,21.0862814993,1567
ESO435-050,46.7735141287,2500
NGC3157,30.6196343369,2623
ESO263-015,30.9029543251,2301
IC2556,37.4973002245,2286
NGC3153,46.3446919736,2704
ESO436-001,38.3707245492,2401
NGC3169,20.1372424986,1096
UGC05524,25.9417936212,1571
IC2559,34.6736850453,2768
IC2560,30.3389118419,2705
NGC3147,49.659232145,2937
IC0600,24.0990542869,1151
NGC3190,24.3220400907,1248
NGC3155,48.5288500162,3070
NGC3193,33.7287308659,1299
NGC3223,34.6736850453,2677
ESO263-031,27.5422870334,2459
NGC3226,23.3345806228,1235
NGC3227,20.3235701094,1071
ESO436-014,45.498806015,3676
NGC3241,40.1790810849,2802
ESO317-023,41.1149721105,2534
UGC05642,41.686938347,2222
NGC3250,42.2668614266,2577
IC0610,29.2415237784,1102
ESO568-012,79.7994687268,5500
ESO375-026,39.0840895792,2910
PGC030719,147.910838817,9595
NGC3250C,42.0726628384,2373
NGC3257,34.0408189701,2988
NGC3258,31.7687407065,2584
NGC3256B,32.6587832172,2489
NGC3254,36.307805477,1328
ESO501-001,53.2108259267,3603
NGC3268,34.5143739336,2583
UGC05689,46.7735141287,2952
UGC05708,23.0144181741,1047
ESO317-041,90.3649473722,5649
NGC3258C,32.8095293113,2346
NGC3270,83.5603018231,6195
ESO263-051,27.5422870334,2445
IC2588,49.2039535681,3308
IC2589,25.8226019063,3465
ESO436-034,75.5092227665,3418
ESO501-011,58.6138164514,3567
NGC3285,67.6082975392,3183
ESO436-038,67.2976656284,2546
ESO436-039,66.3743070402,3278
NGC3281D,30.4789498963,2428
ESO436-040,44.2588372363,4222
NGC3252,20.2301917868,1274
NGC3285B,41.304750199,2750
UGC03137,22.181964198,1142
UGC03371,21.8776162395,953
NGC3366,41.8793565118,2666
ESO501-022,56.234132519,2695
ESO437-004,48.7528490103,3094
NGC3309,53.9510622515,3886
NGC3311,44.2588372363,3630
ESO501-037,40.1790810849,3470
ESO437-012,40.1790810849,3356
ESO437-014,38.0189396321,2648
ESO501-041,59.9791076256,3349
NGC3318,33.7287308659,2554
NGC3306,43.651583224,2847
UGC05765,39.0840895792,1934
ESO437-018,63.9734835483,3158
ESO437-019,65.4636174067,4160
ESO019-003,26.5460556198,1812
ESO437-022,66.6806769214,4180
ESO437-025,72.4435960075,3192
NGC3321,37.3250157796,2316
ESO437-030,44.0554863507,3552
ESO501-068,60.2559586074,2878
ESO437-031,57.8096047406,3676
NGC3320,33.7287308659,2357
UGC05798,32.9609712177,1573
ESO437-034,52.2396188999,3561
ESO437-035,34.0408189701,3187
NGC3347A,39.26449354,2567
NGC3347C,23.2273679636,2442
ESO501-075,45.7088189615,5030
ESO437-039,39.6278034255,3538
ESO501-078,50.8159442561,4238
ESO318-003,41.4954042634,2548
ESO501-079,37.4973002245,999
NGC3347B,38.7257644922,2971
NGC3347,26.9153480393,2787
ESO501-082,71.7794291271,4323
ESO437-054,55.2077439281,3261
ESO501-086,58.6138164514,3531
ESO318-004,35.3183169792,2721
ESO501-088,70.4693068967,3686
ESO437-056,40.1790810849,2721
NGC3361,26.7916832482,1750
NGC3329,43.8530697775,2028
NGC3370,29.7851642943,1201
NGC3414,25.003453617,1420
PGC032548,39.4457302075,2317
ESO569-014,26.6685866452,1867
NGC3419A,47.424198526,2988
ESO376-023,74.4731973906,4547
UGC05974,25.1188643151,918
NGC3449,45.2897579904,3073
NGC3403,26.4240875732,1389
UGC06023,27.7971326776,1291
NGC3463,66.9884609417,3764
2MASXJ01415126-0052365,306.196343369,28074
ESO437-072,57.5439937337,3131
NGC2710,41.686938347,2628
PGC033043,109.144033645,6685
UGC06080,35.1560440528,2262
PGC023374,95.0604793656,4144
NGC3488,37.8442584717,3070
ESO377-004,42.8548520397,2946
SDSSJ215558.49-010413.0,331.131121483,21706
ESO377-010,39.26449354,2670
UGC06162,32.0626932451,2262
NGC3533,40.926065973,2914
ESO438-005,26.1818300822,1302
NGC3557,45.2897579904,2849
UGC06211,247.742205763,17384
NGC3568,32.359365693,2232
ESO377-021,35.4813389234,2556
ESO438-015,39.9944749761,3174
ESO377-031,45.2897579904,2813
NGC3607,22.5943577022,862
UGC06296,20.4173794467,905
ESO377-034,23.7684028662,2410
ESO319-011,46.7735141287,2897
NGC0493,22.9086765277,2501
NGC3614,34.6736850453,2364
ESO570-019,25.2348077248,1158
NGC3640,26.7916832482,1200
NGC3641,26.4240875732,1664
UGC06378,21.6770410482,1426
ESO319-016,96.8277856261,2682
NGC3655,23.1206479018,1430
NGC3663,73.4513868157,4867
NGC3654,26.1818300822,1691
NGC3672,23.4422881532,1714
ESO378-003,36.4753946926,2820
NGC3692,40.3645392968,1616
NGC3690,25.003453617,3213
NGC3697,98.174794302,6210
NGC3705,22.9086765277,926
UGC06509,41.686938347,2848
NGC3715,34.9945167028,1961
NGC3752,25.4683025259,2054
ESO503-022,23.4422881532,1692
NGC3729,21.0862814993,1084
ESO320-004,20.3235701094,2645
ESO378-011,50.8159442561,3029
NGC3733,22.181964198,1254
NGC3735,37.6703798984,2818
PGC027776,48.9778819368,3060
ESO439-018,127.643880881,8669
ESO439-020,70.4693068967,3913
UGC06609,116.949939102,7662
NGC3786,43.651583224,2693
NGC3794,20.7014134879,1461
ESO266-015,42.4619563946,2987
NGC3811,42.2668614266,3201
NGC3818,35.9749335156,1561
PGC036330,76.9130440287,7762
NGC3901,32.6587832172,1828
PGC036643,22.9086765277,1573
ESO440-004,33.8844156139,1660
NGC3879,28.1838293126,1552
NGC3905,103.276140576,5625
NGC3904,28.0543363795,1373
NGC3718,37.8442584717,1058
NGC0955,22.9086765277,1500
ESO320-026,48.305880204,2597
UGC06802,29.6483138952,1317
UGC06816,27.0395836411,969
NGC3923,20.0447202737,1369
ESO379-006,38.0189396321,2758
ESO504-024,23.3345806228,1716
IC2327,51.7606831951,2539
ESO504-025,24.0990542869,1460
NGC3613,28.8403150313,2100
NGC3956,22.0800473302,1490
NGC3962,35.3183169792,1705
ESO572-018,20.796966871,1436
NGC3981,24.3220400907,1555
NGC3976,33.7287308659,2408
ESO572-022,30.4789498963,1753
ESO320-035,30.0607630263,2804
ESO572-024,27.1643926884,1720
NGC3992,25.2348077248,1120
NGC3457,20.5116217883,1082
NGC3435,80.5378441199,5255
UGC06983,21.2813904598,1152
NGC4033,20.8929613085,1462
ESO505-003,20.796966871,1621
NGC4034,42.0726628384,2492
NGC4038,24.5470891569,1477
NGC4050,42.2668614266,1611
NGC3245,20.7014134879,1314
ESO572-049,29.9226463661,1503
ESO505-009,34.1979442514,1966
NGC4067,42.4619563946,2343
NGC3683A,37.4973002245,2483
NGC3701,39.4457302075,2764
IC2996,23.7684028662,2080
UGC07086,28.973435877,2155
NGC4105,26.302679919,1697
ESO379-027,41.1149721105,2673
IC3005,24.3220400907,1546
ESO441-007,22.80342072,2042
NGC4127,30.7609681474,1958
NGC4120,29.1071711807,2371
UGC07125,34.0408189701,1090
IC3015,24.4343055269,1855
IC1251,50.3500608788,1361
ESO441-011,28.973435877,1961
ESO441-012,29.7851642943,2002
NGC4142,25.7039578277,1235
ESO505-023,28.5759054337,1508
IC0764,22.4905460584,1961
ESO441-014,47.8630092323,1989
NGC4162,25.8226019063,2547
ESO321-010,38.5478357666,2934
NGC4178,25.003453617,308
PGC039018,23.9883291902,-209
NGC6181,33.5737614243,2489
UGC07239,32.6587832172,1146
UGC07249,27.4157417193,545
IC3059,23.7684028662,202
IC3066,27.4157417193,313
ESO321-016,25.9417936212,2993
ESO380-006,28.4446110745,2763
IC3074,35.4813389234,1913
NGC4219,20.8929613085,1797
IC3094,44.6683592151,-221
UGC07321,23.3345806228,385
NGC6323,107.151930524,7986
NGC3659,21.5774440915,1223
NGC4256,40.1790810849,2646
IC3148,24.0990542869,2406
NGC4273,27.9254384124,2297
NGC4284,69.1830970919,4294
NGC4291,32.2106879128,1843
UGC07387,38.194427084,1648
UGC06390,27.5422870334,1110
NGC4287,28.5759054337,2061
NGC3610,32.5087297385,1814
ESO573-014,96.3829023624,6701
UGC07421,24.7742205763,92
ESO380-019,39.8107170553,2756
NGC4314,43.651583224,984
NGC4331,20.796966871,1711
PGC040107,26.5460556198,1338
NGC4281,24.4343055269,2647
ESO380-023,53.9510622515,2564
IC3253,27.4157417193,2530
UGC04753,28.5759054337,1852
NGC4386,26.7916832482,1791
NGC4365,23.0144181741,1148
ESO380-025,20.6062991327,2612
IC3284,143.879857826,7785
NGC4373,39.6278034255,3237
NGC4376,22.181964198,1061
NGC4373A,36.982817978,2747
ESO322-009,23.3345806228,3366
NGC4416,39.8107170553,1321
PGC040766,21.2813904598,932
NGC4255,28.7078058202,1893
PGC040831,72.7779804537,1773
NGC4428,38.5478357666,2856
IC3371,31.477483141,856
NGC4434,22.181964198,1002
IC3370,26.5460556198,2754
ESO380-034,28.8403150313,2872
UGC07590,28.313919958,1053
ESO322-017,32.9609712177,3221
NGC4451,26.0615355,796
NGC3589,24.7742205763,2037
NGC4378,48.5288500162,2478
UGC07612,33.8844156139,1488
NGC4462,30.6196343369,1645
NGC3987,65.1628394061,4333
NGC4480,36.6437574648,2352
NGC4492,32.6587832172,1678
IC0797,23.2273679636,2053
UGC07697,45.0816704541,2508
IC3483,58.3445104274,79
NGC4520,116.412602941,7524
UGC07739,34.6736850453,1965
PGC041918,28.0543363795,1016
UGC07767,27.5422870334,1288
PGC041994,42.2668614266,711
NGC3599,20.1372424986,769
ESO442-013,24.6603933723,1362
NGC4589,25.9417936212,2144
NGC4574,38.5478357666,2783
NGC4575,29.1071711807,2800
ESO322-038,31.0455958813,2946
ESO322-040,47.2063041264,3172
UGC07802,20.5116217883,1710
ESO322-042,34.8337315036,3748
NGC4603A,31.1888958409,3517
NGC4593,46.7735141287,2364
UGC07844,23.9883291902,2004
NGC4602,33.8844156139,2436
NGC4603,36.4753946926,2412
NGC4608,20.2301917868,1787
NGC3440,39.8107170553,1992
NGC4619,97.7237220956,6952
IC0807,102.801629813,10822
NGC4603D,33.7287308659,2535
NGC4616,39.0840895792,4429
NGC4628,42.8548520397,2709
NGC4634,20.4173794467,80
PGC042717,35.1560440528,2345
NGC4639,25.351286305,941
IC3391,23.1206479018,1675
NGC4642,41.686938347,2559
NGC4651,23.2273679636,767
NGC4374,20.4173794467,945
NGC4645,29.6483138952,2434
ESO381-014,43.2513831035,3135
NGC4658,24.4343055269,2286
IC3742,22.5943577022,921
NGC4672,55.7185748932,3113
NGC3689,45.2897579904,2702
UGC07943,22.6986485188,772
NGC4680,38.194427084,2327
UGC07955,91.2010839356,6763
NGC4693,30.4789498963,1809
NGC4682,22.0800473302,2211
NGC4679,59.1561634175,4479
NGC4696D,35.6451133426,2464
NGC4704,110.153930954,8200
NGC2592,25.4683025259,1983
PGC043280,39.9944749761,2680
ESO268-044,37.6703798984,3306
NGC4696,36.140986264,2799
PGC043301,28.8403150313,2142
PGC043319,72.4435960075,3751
NGC4699,23.6591969749,1289
PGC043340,50.3500608788,2961
NGC4712,88.3079900419,4384
ESO322-101,27.0395836411,1781
PGC043379,34.1979442514,2705
NGC4708,63.9734835483,4010
PGC043412,36.6437574648,2705
NGC4709,42.8548520397,4498
ESO268-046,23.4422881532,2120
PGC043458,30.199517204,2280
NGC4749,32.5087297385,1883
NGC4729,30.0607630263,3164
NGC4746,30.6196343369,1738
NGC2775,43.4510224172,1221
PGC043679,26.0615355,2150
PGC043690,41.304750199,2449
ESO323-025,49.659232145,4052
ESO323-027,44.8745389933,3680
NGC4767A,45.2897579904,2741
NGC3684,20.6062991327,1092
ESO323-034,34.1979442514,4143
ESO507-041,32.8095293113,3026
ESO507-042,43.0526610492,3079
NGC4779,38.9045144994,2797
NGC4767,32.8095293113,2889
NGC4800,28.8403150313,934
NGC4786,66.3743070402,4529
PGC043970,30.0607630263,2358
UGC08052,29.1071711807,1686
ESO323-042,33.4195040026,4028
NGC3430,30.199517204,1563
NGC4394,24.6603933723,879
NGC3608,22.6986485188,1144
PGC044278,23.4422881532,1165
PGC044358,21.7770977235,1378
PGC044351,91.6220490122,6065
NGC4835,20.1372424986,2008
PGC044416,57.8096047406,7623
IC3976,135.518941235,6802
NGC4866,29.6483138952,1954
PGC044636,131.825673856,6831
ESO443-021,46.5586093523,2660
NGC4261,31.7687407065,2142
PGC044652,62.8058358813,6919
UGC08120,24.5470891569,1808
ESO269-028,53.4564359397,3100
PGC044679,111.686324778,7580
ESO381-041,24.0990542869,2420
PGC044784,59.7035286584,5477
NGC4897,47.2063041264,2445
NGC4902,47.2063041264,2516
ESO507-067,34.0408189701,2912
ESO381-051,61.3762005165,4846
UGC08146,20.1372424986,772
ESO443-041,72.7779804537,4722
ESO443-042,39.26449354,2762
NGC4941,20.4173794467,1022
NGC4939,36.6437574648,3009
NGC4947A,32.8095293113,2425
ESO575-053,31.0455958813,2411
NGC4947,24.6603933723,2247
NGC4946,47.2063041264,2942
ESO508-007,27.0395836411,2848
NGC4197,25.003453617,1998
ESO508-011,27.4157417193,2476
PGC044736,125.314117494,6915
ESO575-061,31.915378551,1521
ESO269-052,57.5439937337,3040
NGC4981,21.379620895,1588
UGC08229,80.9095899178,6007
NGC4995,28.313919958,1651
PGC045650,27.6694164541,2458
ESO508-019,39.6278034255,2826
ESO269-057,43.8530697775,2933
UGC08246,21.0862814993,849
ESO443-079,26.5460556198,1983
ESO576-001,78.7045789695,2756
ESO576-003,30.0607630263,2834
UGC08261,44.2588372363,898
ESO443-080,44.2588372363,1976
ESO576-005,66.6806769214,2634
NGC5011A,31.7687407065,3001
IC4213,20.1372424986,860
PGC045877,29.2415237784,2641
NGC5011,41.8793565118,2943
ESO443-083,20.2301917868,2227
NGC5018,38.194427084,2722
ESO576-011,32.5087297385,2636
NGC3504,32.5087297385,1503
NGC5022,35.8096437103,2881
NGC5032,133.659551655,6417
NGC4036,20.8929613085,1472
NGC4030,27.1643926884,1352
UGC05740,25.7039578277,693
NGC5044,30.9029543251,2581
NGC3611,37.8442584717,1503
UGC08333,21.4783047413,953
PGC021831,59.7035286584,4678
NGC5051,79.7994687268,4277
NGC3813,21.4783047413,1474
ESO508-034,24.5470891569,1777
IC4216,35.4813389234,2745
PGC046261,41.686938347,2530
IC4214,34.0408189701,2166
NGC5061,28.973435877,1900
ESO576-026,21.1836113525,1825
NGC5064,43.4510224172,2834
NGC5073,30.4789498963,2638
ESO382-041,28.5759054337,1601
NGC3898,36.307805477,1253
ESO508-051,34.0408189701,2003
ESO576-040,29.2415237784,1963
NGC5109,22.9086765277,2242
NGC5090,37.6703798984,2782
NGC5104,72.7779804537,5502
ESO040-007,25.351286305,2492
NGC5101,32.0626932451,1723
NGC5105,34.0408189701,2805
PGC046710,80.5378441199,6746
NGC3021,33.1131121483,1508
NGC5117,33.7287308659,2418
IC4231,27.9254384124,2131
NGC6462,171.395730751,11715
IC4232,128.233058266,9352
UGC06969,24.5470891569,1185
ESO508-067,109.144033645,7429
IC4237,26.7916832482,2540
PGC040408,27.1643926884,1675
NGC5005,21.4783047413,997
NGC4698,21.8776162395,953
ESO508-075,122.461619927,9813
ESO382-067,38.5478357666,2325
ESO444-037,33.2659553294,1760
NGC5152,83.5603018231,3766
NGC4125,23.6591969749,1502
UGC06686,76.9130440287,6475
UGC08318,39.0840895792,2372
NGC5161,21.1836113525,2246
ESO383-005,51.0504999975,3465
NGC3596,27.6694164541,1113
NGC5170,29.2415237784,1395
NGC5205,33.5737614243,1887
PGC047514,67.6082975392,4122
NGC5188,22.9086765277,2271
NGC5193,44.2588372363,3567
NGC5218,48.9778819368,2983
ESO040-012,38.194427084,2479
ESO383-032,95.0604793656,7067
ESO509-074,34.8337315036,2475
IC4296,51.9995996534,3642
NGC5219,25.4683025259,2382
ESO444-086,62.2300285169,3908
ESO324-044,31.6227766017,2384
NGC5254,28.313919958,2232
UGC08658,34.0408189701,2128
NGC5283,44.2588372363,3274
UGC10713,32.6587832172,1261
NGC2712,30.9029543251,1829
ESO445-015,74.4731973906,4248
ESO383-067,44.4631267469,3963
UGC08693,41.304750199,2500
NGC5289,44.2588372363,2598
NGC5297,28.973435877,2492
UGC08726,30.0607630263,2409
NGC4772,27.2897778281,965
UGC08737,37.3250157796,1924
UGC08733,30.199517204,2422
UGC08742,28.1838293126,2333
ESO383-088,53.2108259267,4106
NGC5304,63.3869711257,3648
PGC049153,149.96848355,8562
UGC08756,30.4789498963,1411
NGC4215,22.6986485188,1990
UGC08795,38.194427084,2373
ESO445-066,99.5405417352,7134
NGC5452,33.1131121483,2226
NGC5362,26.0615355,2177
PGC007299,218.776162395,13801
NGC5363,56.234132519,1110
NGC5377,29.1071711807,1895
ESO384-015,37.1535229097,3418
ESO445-081,91.2010839356,4239
NGC5365A,32.0626932451,2612
ESO510-026,22.3872113857,2256
IC4351,30.3389118419,2555
ESO445-085,75.5092227665,4163
NGC5322,30.9029543251,1928
ESO221-022,34.1979442514,2756
NGC5425,32.359365693,2179
IC0776,32.0626932451,2397
NGC5440,53.9510622515,3760
NGC5427,28.313919958,2636
ESO384-043,78.7045789695,4284
NGC5468,47.8630092323,2793
NGC5464,26.6685866452,2575
ESO325-055,64.5654229035,3897
NGC2778,22.6986485188,2002
NGC5490,77.2680585096,4878
NGC4289,45.0816704541,2526
NGC4448,23.8781128291,688
ESO446-023,118.576874817,6825
NGC5496,22.5943577022,1500
UGC08067,41.8793565118,2669
NGC5520,38.194427084,1991
NGC5494,47.6430986805,2504
ESO271-022,41.1149721105,2876
NGC5526,26.6685866452,2182
IC4386,20.3235701094,1736
NGC5523,21.5774440915,1092
NGC5533,47.424198526,3942
IC4390,20.1372424986,1981
IC4393,41.8793565118,2644
NGC5557,32.8095293113,3295
ESO385-008,57.0164272281,3630
NGC5566,20.1372424986,1526
NGC5582,28.1838293126,1528
ESO446-051,105.681750921,7126
NGC5576,25.2348077248,1423
PGC051291,34.35579479,2702
IC4407,47.2063041264,2679
NGC5611,25.003453617,2031
NGC5592,49.888448746,4241
NGC5595,28.7078058202,2635
NGC5604,45.0816704541,2719
UGC09242,24.3220400907,1561
NGC5631,27.5422870334,2086
IC4423,156.314764264,9130
ESO001-006,30.3389118419,2054
NGC5671,110.153930954,9138
UGC09291,38.3707245492,2983
NGC5638,26.0615355,1650
ESO385-031,36.982817978,3000
NGC5653,44.0554863507,3638
ESO385-032,37.1535229097,2722
ESO385-033,26.5460556198,2938
NGC5673,37.8442584717,2205
IC1029,51.5228644582,2502
ESO447-019,43.651583224,3769
NGC5658,23.1206479018,1604
UGC09391,39.8107170553,2047
UGC04655,94.1889596523,6062
ESO447-023,51.2861383991,3682
UGC09380,21.6770410482,1682
NGC5687,27.6694164541,2245
NGC4307,23.3345806228,986
UGC09389,34.8337315036,1858
UGC09401,110.153930954,5679
IC4468,27.1643926884,2377
NGC5720,120.781383511,7909
NGC5688,33.5737614243,2667
NGC5705,20.8929613085,1748
IC4472,29.2415237784,2739
PGC052460,30.7609681474,1848
NGC5728,27.7971326776,2729
UGC09482,39.26449354,1794
IC1048,26.1818300822,1584
ESO386-016,128.233058266,7177
NGC5746,27.0395836411,1709
ESO022-003,35.3183169792,2570
ESO580-022,21.7770977235,2159
IC1055,43.0526610492,2861
ESO580-029,34.0408189701,2527
NGC5756,24.2102904674,2094
PGC052853,36.8128973643,1998
PGC052882,109.144033645,12575
ESO580-041,29.2415237784,2888
UGC08084,23.1206479018,2709
PGC053093,43.4510224172,2541
NGC3646,57.0164272281,4192
NGC4180,34.9945167028,2112
ESO580-049,52.480746025,3919
NGC5783,39.8107170553,2499
UGC06583,89.949758153,6174
NGC5792,25.9417936212,1923
NGC5786,25.351286305,2867
ESO327-039,23.1206479018,2806
UGC09640,140.604752413,10072
NGC5812,26.6685866452,1899
PGC053634,39.9944749761,2887
NGC5813,31.915378551,1965
PGC053750,103.276140576,6362
PGC053764,39.6278034255,2414
NGC5831,26.9153480393,1640
PGC053779,20.796966871,1840
PGC046239,146.554784096,8971
PGC053796,47.424198526,2894
UGC09682,38.7257644922,1823
NGC5337,50.3500608788,2204
NGC5839,22.3872113857,1241
NGC5845,32.6587832172,1462
NGC5846,24.6603933723,1761
NGC4143,20.2301917868,1002
NGC5861,24.0990542869,1835
UGC09746,28.0543363795,1751
UGC09758,105.196187382,6586
NGC5833,31.915378551,2875
UGC09760,28.1838293126,2038
IC4536,21.8776162395,2239
ESO581-025,25.7039578277,2222
NGC5878,28.1838293126,1961
PGC054411,20.2301917868,1324
NGC5899,42.6579518802,2714
UGC09798,145.211161759,11336
NGC5898,28.8403150313,2073
NGC5903,33.5737614243,2506
ESO514-007,29.2415237784,2243
ESO582-004,36.4753946926,2177
ESO387-026,56.234132519,4285
PGC054817,33.2659553294,1932
NGC5308,28.4446110745,2142
ESO514-014,71.7794291271,3636
NGC5869,24.8885731828,2085
ESO582-012,24.0990542869,2271
UGC10791,35.1560440528,1519
UGC09856,38.3707245492,2608
ESO329-007,63.095734448,4523
NGC5937,37.3250157796,2824
ESO514-022,67.2976656284,4388
IC1129,51.5228644582,6712
NGC5938,26.5460556198,3361
NGC5981,51.7606831951,2692
NGC5970,27.9254384124,2022
NGC5982,37.6703798984,2993
NGC2990,43.0526610492,2944
NGC5985,55.7185748932,2682
UGC09977,29.3764965196,1949
NGC5980,50.1187233627,4164
UGC09991,41.1149721105,2010
IC4582,37.3250157796,2255
UGC10014,38.9045144994,1193
NGC5990,46.5586093523,3868
UGC10030,123.594743344,8956
IC4555,25.8226019063,2502
NGC5967,33.4195040026,2746
UGC10041,33.1131121483,2221
NGC6000,33.8844156139,2141
ESO515-010,75.5092227665,5694
UGC10058,69.5024317589,2256
PGC056286,181.134009262,11091
PGC012868,22.6986485188,2233
NGC6010,29.2415237784,2079
UGC10095,31.1888958409,2022
PGC056437,70.4693068967,4830
NGC6017,29.5120922667,1855
ESO583-008,134.896288259,7377
ESO009-001,32.2106879128,2397
IC1158,26.5460556198,1976
UGC10194,30.4789498963,1044
ESO451-008,82.4138115013,4635
ESO516-008,100.0,7096
NGC6070,26.1818300822,2055
UGC10244,141.905752169,10011
UGC10261,306.196343369,19156
ESO136-024,50.8159442561,4385
UGC12678,164.437172321,9138
ESO584-007,134.896288259,9493
UGC10288,34.0408189701,2096
ESO137-006,81.6582371359,5328
ESO137-007,43.4510224172,4839
ESO137-010,53.4564359397,3283
IC4596,146.554784096,7606
NGC6106,23.8781128291,1527
IC4595,37.4973002245,3274
NGC6118,20.8929613085,1622
NGC6172,84.7227414141,5074
UGC00040,100.925288608,7688
NGC6168,30.9029543251,2642
UGC10483,173.780082875,12384
ESO517-013,141.905752169,8275
PGC058798,21.2813904598,1619
NGC6237,23.2273679636,1318
NGC6236,22.80342072,1466
NGC6239,24.3220400907,1098
NGC6261,166.724721255,10698
UGC10704,257.039578277,19504
ESO138-013,22.80342072,2611
ESO138-014,21.4783047413,1395
UGC10721,45.498806015,3070
UGC10738,108.642562362,6820
UGC02134,41.304750199,4677
UGC10743,40.7380277804,2680
PGC059808,102.329299228,8275
IC4633,28.5759054337,2794
UGC12721,104.231742939,7786
UGC12792,130.617088813,11693
PGC072968,120.781383511,8081
PGC059955,140.604752413,9327
PGC085512,143.879857826,8220
NGC6339,25.003453617,2290
UGC10780,100.0,6851
NGC6365,113.240036324,8216
ESO138-024,24.6603933723,2762
NGC6395,20.1372424986,1357
UGC10887,36.6437574648,2027
UGC10852,32.5087297385,2907
NGC6368,33.2659553294,2894
NGC6372,41.1149721105,4913
UGC10874,127.643880881,6968
PGC060376,121.338885046,8883
NGC6384,24.3220400907,1783
NGC6411,59.1561634175,3947
IC1265,39.8107170553,2356
NGC6434,41.1149721105,2682
ESO009-010,27.0395836411,2259
PGC060771,177.010895832,1992
NGC6460,44.6683592151,3506
UGC11001,57.0164272281,4363
NGC6467,44.8745389933,3195
UGC11003,42.6579518802,4212
NGC6484,52.7229861423,3284
UGC11021,83.5603018231,5367
UGC11030,27.7971326776,1875
NGC6495,44.8745389933,3293
UGC11041,70.145529842,5048
UGC11050,71.4496326076,5050
UGC11055,38.5478357666,3091
UGC11060,66.6806769214,4843
UGC11064,104.231742939,7222
UGC11074,25.7039578277,2029
ESO139-046,26.302679919,2721
ESO139-049,28.5759054337,2658
PGC061289,63.9734835483,4825
UGC11093,21.6770410482,2096
UGC11097,78.3429642766,4771
PGC061353,27.4157417193,1932
NGC6548,22.80342072,2357
UGC11132,50.8159442561,3035
NGC6575,101.391138574,7072
UGC11142,67.6082975392,4690
NGC6574,38.9045144994,2444
ESO140-006,23.3345806228,2282
NGC6585,31.3328572432,3032
NGC6586,36.982817978,3312
UGC11182,63.095734448,4495
IC4694,31.0455958813,2690
UGC11188,54.9540873858,5454
UGC11194,63.6795520908,4917
ESO182-010,21.6770410482,3478
UGC11198,63.9734835483,4689
NGC6643,20.2301917868,1683
NGC6627,73.4513868157,5434
PGC061808,118.576874817,8275
NGC6651,68.2338694142,5962
UGC11255,119.124200803,9937
UGC11254,57.2796030986,5182
UGC11260,109.647819614,6385
NGC6667,43.8530697775,2792
UGC11295,41.304750199,2566
UGC11275,111.173172728,5655
NGC6662,89.949758153,5515
UGC11289,51.5228644582,4177
NGC6675,38.194427084,2702
UGC11301,72.4435960075,4675
NGC6674,54.9540873858,3619
UGC11334,100.461579028,4773
UGC11317,98.174794302,6777
UGC11320,74.8169500511,3888
UGC11328,92.0449571753,5862
NGC6695,113.762728582,5703
UGC11344,58.3445104274,4025
UGC11350,66.9884609417,4887
IC4758,59.4292158616,4387
NGC6702,68.5488226453,4941
NGC6703,26.4240875732,2512
UGC11371,48.5288500162,3944
UGC11377,97.7237220956,7664
ESO396-007,73.7904230129,5863
ESO281-038,57.0164272281,4939
IC4797,27.7971326776,2654
UGC11380,27.4157417193,3090
UGC11385,42.6579518802,3300
NGC6750,40.1790810849,3904
IC4810,34.8337315036,3117
UGC11394,64.8634433548,4432
UGC11404,37.6703798984,4114
IC4819,20.4173794467,1764
NGC6764,23.9883291902,2634
IC4821,25.003453617,2638
ESO282-018,62.2300285169,5584
NGC6754,38.0189396321,3198
ESO593-003,106.16955572,8294
ESO459-006,78.3429642766,5776
IC4830,57.5439937337,4377
IC4837A,51.5228644582,2790
UGC11422,32.8095293113,4877
UGC11426,45.7088189615,4626
NGC6792,78.7045789695,4863
NGC6796,37.3250157796,2410
UGC11433,51.9995996534,4654
UGC11435,36.982817978,3969
ESO397-018,65.7657837355,5432
ESO525-004,83.5603018231,6147
NGC6788,43.2513831035,3110
NGC6801,44.2588372363,4586
UGC11455,88.3079900419,5602
IC4871,24.6603933723,1859
UGC11459,47.424198526,3347
PGC063540,78.3429642766,6094
ESO460-031,82.7942163712,5853
IC4889,28.973435877,2501
ESO398-029,77.2680585096,5686
UGC11477,37.4973002245,3940
ESO461-006,77.2680585096,5986
UGC11492,40.926065973,3791
ESO526-011,85.1138038202,5917
PGC063832,65.1628394061,4987
ESO339-008,68.2338694142,5684
UGC11498,61.6595001861,3430
PGC063925,187.068214037,12078
IC4919,61.6595001861,4210
NGC6869,31.7687407065,2952
PGC064024,111.173172728,7300
NGC6851,35.8096437103,3022
ESO595-010,29.1071711807,2319
IC4943,31.3328572432,2885
NGC6861,27.7971326776,2797
NGC6868,26.7916832482,2922
NGC6861F,23.2273679636,3171
NGC6875A,29.1071711807,3157
UGC11527,72.7779804537,5637
PGC064373,95.0604793656,5698
ESO340-008,38.3707245492,2839
NGC6887,30.0607630263,2662
ESO340-009,28.7078058202,2593
IC4964,39.26449354,3044
UGC11537,73.4513868157,5558
NGC6911,30.9029543251,2704
ESO340-017,39.4457302075,2627
ESO527-019,39.4457302075,3189
PGC064534,75.8577575029,5778
NGC6901,73.1139083483,4959
NGC6916,45.9198012837,3328
NGC6906,65.4636174067,5027
NGC6902,29.2415237784,2786
UGC11552,76.5596606911,4709
UGC11551,54.9540873858,5049
NGC6907,43.2513831035,3246
ESO400-025,31.6227766017,2210
NGC6909,35.1560440528,2758
UGC11568,55.2077439281,4412
PGC064812,58.8843655356,5731
ESO340-038,54.9540873858,5536
UGC11579,95.0604793656,6029
NGC6923,32.359365693,2876
UGC11584,89.1250938134,5511
NGC6928,62.5172692776,4895
NGC6930,66.9884609417,4763
NGC6925,29.7851642943,2827
ESO340-042,21.1836113525,2663
UGC11595,53.4564359397,4175
NGC6949,29.5120922667,2984
PGC065022,100.925288608,5934
UGC11603,59.9791076256,5423
UGC11599,62.2300285169,4635
NGC6951,20.8929613085,1645
PGC065131,43.651583224,4039
UGC11613,36.140986264,2893
PGC065211,37.4973002245,3087
IC5039,21.5774440915,2757
UGC11635,71.4496326076,4996
IC5007,32.5087297385,2766
NGC6943,28.0543363795,3012
ESO285-048,28.1838293126,2701
ESO234-069,61.3762005165,4341
IC5026,33.5737614243,2614
PGC065506,97.2747223777,6153
UGC11648,37.3250157796,3584
UGC11647,114.287833479,8203
NGC6986,117.489755494,8633
UGC11651,20.796966871,1740
UGC11656,64.2687717317,4766
NGC7003,62.8058358813,5505
IC5071,30.9029543251,3008
IC5078,20.0447202737,1573
UGC11677,76.2079010025,5160
NGC7014,51.7606831951,4742
IC5084,54.7015962894,3051
PGC066242,33.4195040026,2375
NGC7029,38.0189396321,2757
NGC7040,40.7380277804,6295
ESO107-015,36.4753946926,3268
UGC11706,83.5603018231,4931
NGC7046,54.9540873858,4327
UGC11711,165.196179823,9172
ESO107-016,31.477483141,1706
NGC7047,91.2010839356,5940
NGC7041,25.4683025259,1920
UGC11738,70.4693068967,4424
UGC11719,156.314764264,8743
NGC7049,29.6483138952,2235
UGC11723,71.1213513653,5045
PGC066592,53.2108259267,4226
UGC11725,116.949939102,6433
ESO287-009,33.1131121483,2669
IC5104,64.8634433548,5163
ESO287-013,31.1888958409,2677
PGC066738,47.2063041264,3076
IC5105B,22.181964198,2254
NGC7059,20.4173794467,1662
ESO342-050,25.8226019063,2672
UGC11758,103.752841582,8805
IC5119,92.0449571753,5509
UGC11768,115.877735616,6810
NGC7083,32.9609712177,3018
ESO287-043,26.6685866452,2477
IC5120,37.3250157796,3228
NGC7097,32.0626932451,2598
ESO011-005,44.6683592151,2825
NGC7112,71.1213513653,6035
UGC11799,77.6247116629,5570
ESO403-017,23.1206479018,2728
ESO403-024,23.550492839,2635
UGC11818,22.6986485188,2613
NGC7131,75.5092227665,5527
ESO403-031,32.9609712177,2552
NGC7126,35.9749335156,2970
UGC11833,103.752841582,5462
NGC7140,26.7916832482,2922
UGC11838,52.2396188999,3691
UGC11839,97.7237220956,6164
NGC7144,24.3220400907,1896
NGC7145,23.2273679636,1863
IC5145,117.489755494,7554
NGC7151,22.9086765277,1827
ESO404-012,38.0189396321,2672
UGC11862,77.9830110523,6064
NGC7177,20.0447202737,1343
ESO404-017,42.6579518802,2535
NGC7171,43.651583224,2823
ESO404-018,30.4789498963,2303
ESO466-036,56.4936974812,2418
NGC7173,31.0455958813,2533
NGC7168,34.6736850453,2803
ESO601-007,22.6986485188,1866
NGC7184,33.4195040026,2700
ESO532-014,23.3345806228,1787
IC5156,37.1535229097,2552
ESO404-027,34.6736850453,2581
UGC11893,122.461619927,5786
UGC11895,63.6795520908,4942
NGC7179,44.4631267469,2884
NGC7196,44.6683592151,2850
UGC11918,61.6595001861,4301
NGC7192,37.4973002245,2869
NGC7200,34.5143739336,2871
NGC7217,26.302679919,1167
ESO048-017,23.6591969749,2785
UGC11921,20.0447202737,1860
NGC7213,30.199517204,1731
NGC7218,25.1188643151,1752
ESO601-025,20.2301917868,1815
IC5171,30.9029543251,2811
NGC7222,207.96966871,12531
UGC11941,114.81536215,7063
UGC11946,89.949758153,5758
ESO533-004,37.3250157796,2648
UGC11961,72.1107479183,4384
IC5176,26.5460556198,1645
IC1441,79.7994687268,5356
UGC11967,64.2687717317,5250
NGC7241,57.5439937337,1642
ESO237-049,35.6451133426,2885
IC5179,43.4510224172,3427
ESO289-010,34.9945167028,2742
UGC11973,51.5228644582,4438
UGC11977,192.309172891,11502
NGC7247,29.1071711807,2535
ESO237-052,30.6196343369,2862
PGC068560,127.057410521,8456
UGC11994,64.2687717317,5092
NGC7264,87.0963589956,4495
ESO602-015,43.8530697775,2752
ESO027-008,29.6483138952,2350
NGC7259,20.1372424986,1761
UGC12010,28.4446110745,2970
ESO289-026,20.9893988362,2415
NGC7282,47.424198526,4764
NGC7280,21.4783047413,2045
PGC068872,103.752841582,7752
ESO533-028,33.5737614243,2620
NGC7290,41.304750199,3087
UGC12054,36.8128973643,2233
UGC12069,24.4343055269,2566
NGC7302,23.550492839,2767
UGC12071,165.196179823,10607
PGC069160,175.388050184,10506
NGC7307,21.5774440915,2076
NGC7311,56.4936974812,4697
PGC069284,106.16955572,7283
NGC7332,22.80342072,1379
NGC7328,39.9944749761,2994
NGC7339,21.8776162395,1533
UGC12123,55.4625712958,4281
UGC12141,37.8442584717,2282
UGC12135,46.9894108605,4213
UGC12133,115.877735616,7588
NGC7347,30.6196343369,2408
PGC069448,29.7851642943,3101
NGC7329,44.8745389933,3149
UGC12160,25.5858588691,1756
ESO289-048,31.477483141,2817
UGC12158,123.594743344,9478
UGC12165,74.4731973906,6739
UGC12173,56.4936974812,4991
UGC12178,24.3220400907,2086
NGC7368,30.9029543251,2352
PGC069691,38.3707245492,2689
IC5249,33.1131121483,2269
NGC7378,26.302679919,2666
ESO346-001,36.8128973643,2330
UGC12204,106.659612123,6940
UGC12212,24.3220400907,1096
NGC7392,41.686938347,3223
NGC7407,97.7237220956,6634
UGC12234,54.9540873858,6517
NGC7400,35.8096437103,2972
NGC7410,40.1790810849,1735
ESO346-014,45.9198012837,2691
UGC12249,112.719745618,7750
NGC7416,32.6587832172,2976
UGC12252,115.345325782,7318
IC5269A,36.982817978,2879
IC5269B,20.796966871,1670
NGC7418A,34.8337315036,2109
IC1459,28.973435877,1800
ESO603-031,35.4813389234,2342
PGC070107,33.4195040026,5929
IC5269,25.351286305,2036
IC5270,24.6603933723,1931
IC5271,22.9086765277,1736
IC1461,145.881426028,9427
UGC12281,33.8844156139,2738
NGC7448,42.0726628384,2367
NGC7454,23.6591969749,2184
UGC12307,51.0504999975,2975
UGC12308,37.3250157796,2390
NGC7461,57.5439937337,4411
NGC7463,22.80342072,2404
UGC12320,88.3079900419,6825
UGC12321,54.7015962894,2331
NGC7469,70.7945784384,5068
ESO469-008,42.0726628384,1793
NGC7479,30.199517204,2546
UGC12344,27.0395836411,1810
IC1468,162.181009736,9735
UGC12350,25.7039578277,2312
UGC12355,92.4698173938,7910
UGC12388,65.1628394061,4736
ESO469-015,26.7916832482,1659
ESO407-007,28.0543363795,1633
PGC070600,128.824955169,9786
UGC12410,114.81536215,7285
NGC7507,24.7742205763,1638
ESO407-009,27.4157417193,1568
IC1474,43.2513831035,3638
UGC12430,42.0726628384,3873
NGC7537,36.6437574648,2818
NGC7541,38.0189396321,2820
NGC7531,24.3220400907,1571
UGC12451,35.9749335156,3779
UGC12458,127.057410521,7054
ESO291-011,189.670592121,12951
NGC7562A,40.1790810849,3650
NGC7552,28.7078058202,1586
PGC070927,49.659232145,3732
ESO407-014,34.35579479,2750
NGC7593,53.703179637,4266
NGC7591,55.4625712958,5101
UGC12504,51.9995996534,2635
NGC7590,24.5470891569,1563
UGC12494,46.3446919736,4354
NGC7606,35.4813389234,2317
UGC12501,57.5439937337,3966
IC5309,46.3446919736,4337
UGC12497,31.1888958409,3911
NGC7608,43.0526610492,3672
NGC7599,23.2273679636,1658
NGC7610,43.651583224,3709
UGC12519,47.8630092323,4546
NGC7619,52.480746025,3912
NGC7626,44.2588372363,3551
UGC12535,32.6587832172,4366
PGC071159,26.1818300822,4022
UGC12538,48.7528490103,5099
PGC071171,35.3183169792,4146
NGC7631,54.7015962894,3905
NGC7634,51.9995996534,3377
PGC071197,38.3707245492,3747
PGC071201,28.0543363795,3674
UGC12562,41.1149721105,3992
UGC12561,49.4310686987,3893
ESO291-024,22.4905460584,1661
IC5321,38.5478357666,2937
NGC7661,32.5087297385,1928
ESO240-004,20.6062991327,1519
PGC071529,40.5508535448,3670
NGC7678,44.8745389933,3678
UGC12631,130.016957803,9367
UGC12641,35.1560440528,2877
UGC12650,62.8058358813,5271
NGC7690,21.379620895,1442
NGC7689,24.3220400907,1901
IC5328,37.4973002245,3101
UGC12667,37.6703798984,3981
PGC071754,48.5288500162,4986
IC5334,45.498806015,2321
IC5333,28.4446110745,1904
UGC12681,26.6685866452,1632
UGC12692,36.140986264,2350
UGC12693,69.5024317589,5161
ESO347-029,30.3389118419,1553
UGC12701,122.461619927,9042
UGC12707,34.6736850453,2769
ESO408-012,51.9995996534,2979
ESO240-011,45.2897579904,2793
NGC7721,31.7687407065,2112
PGC072006,30.7609681474,2149
NGC7723,25.1188643151,1939
NGC7727,33.7287308659,1935
PGC072115,107.646521363,9578
PGC072139,94.1889596523,6755
PGC072169,102.801629813,7612
ESO292-014,25.2348077248,1452
UGC12755,157.76112697,8985
PGC072252,22.2843514927,2207
UGC12769,36.6437574648,2193
PGC072411,147.910838817,9212
PGC072438,114.81536215,9478
ESO149-001,20.8929613085,1818
NGC7755,29.9226463661,2971
UGC12807,197.696964011,12533
UGC12814,89.949758153,5996
PGC072633,124.738351424,10132
NGC7761,105.681750921,7258
ESO471-027,128.824955169,8838
PGC072734,106.659612123,5942
NGC7780,76.2079010025,5360
PGC072784,131.825673856,8144
ESO012-010,51.7606831951,1786
UGC12857,27.2897778281,2578
ESO538-013,155.596563161,10254
PGC073123,121.338885046,7746
NGC7796,49.4310686987,3260
PGC074050,71.1213513653,4894
PGC075289,123.594743344,8128
PGC077827,75.1622894018,2981
PGC079913,90.7820530178,6483
UGC05921,29.6483138952,1368
PGC083670,121.898959892,6132
PGC083688,73.4513868157,8182
PGC083715,70.145529842,6988
PGC083754,50.8159442561,7566
PGC085551,147.231250243,8929
PGC085610,113.762728582,8188
PGC086068,26.4240875732,1894
PGC086266,58.8843655356,4703
PGC086269,45.9198012837,3398
PGC086285,43.651583224,2790
PGC086290,49.4310686987,3728
PGC089942,26.302679919,3316
PGC090023,61.0942024906,4215
PGC090392,27.6694164541,4308
PGC090402,21.6770410482,2734
PGC090453,74.4731973906,5135
PGC090540,40.3645392968,2276
PGC090548,108.642562362,6210
PGC090553,52.9663443892,2667
PGC090564,83.9459986519,5861
PGC090591,162.929603264,11844
PGC090592,101.391138574,7794
PGC090595,157.036280433,6002
PGC090653,75.8577575029,6858
PGC090694,23.6591969749,1615
PGC090695,86.2978547767,6394
PGC090717,152.756605824,10010
PGC090726,123.594743344,8412
PGC090737,91.2010839356,4272
PGC090751,98.174794302,4406
PGC090766,102.329299228,5430
PGC090771,80.5378441199,6538
PGC090775,110.153930954,7286
PGC090776,70.145529842,3251
PGC090778,162.181009736,9577
PGC090783,95.4992586021,6430
PGC090784,198.609491736,8580
PGC090801,62.2300285169,3863
PGC090811,81.6582371359,4137
PGC090789,123.026877081,8100
PGC090831,207.96966871,11198
PGC090844,53.9510622515,4617
PGC090927,90.3649473722,4418
PGC090941,39.26449354,2163
PGC091580,210.862814993,10735
PGC091586,95.4992586021,6430
PGC091594,124.738351424,9192
PGC091621,77.9830110523,6708
PGC091630,63.095734448,5485
PGC091643,92.4698173938,5106
PGC091656,34.1979442514,3978
PGC091661,101.859138805,5805
PGC091705,87.9022516831,5577
PGC091731,90.3649473722,7412
PGC091742,55.9757601495,2805
PGC091747,93.7562006926,6782
PGC091777,73.4513868157,5285
PGC091787,80.5378441199,5416
PGC091814,66.9884609417,7350
PGC092378,73.7904230129,5758
PGC093031,47.6430986805,3623
PGC093038,251.188643151,11435
PGC097023,28.4446110745,5599
PGC097032,41.304750199,4560
PGC097067,38.7257644922,4473
PGC097081,41.8793565118,5524
PGC097136,56.7544605409,3395
PGC097187,95.4992586021,5100
PGC097243,31.7687407065,2979
PGC100768,48.9778819368,4341
PGC132177,329.609712177,19080
PGC155511,79.0678628,3674
PGC165356,32.359365693,3316
PGC165788,72.4435960075,5290
PGC166472,63.9734835483,4441
PGC166559,74.8169500511,4602
PGC166755,31.477483141,2652
PGC166758,59.1561634175,4566
PGC166785,65.7657837355,4843
PGC169662,147.910838817,8487
PGC200171,334.195040026,23832
PGC212843,162.929603264,11410
PGC214719,314.77483141,22682
PGC214810,98.174794302,7952
PGC340526,213.79620895,15080
PGC343503,164.437172321,10346
PGC376039,236.591969749,13302
PGC471591,276.694164541,18221
PGC575633,56.234132519,3129
PGC576005,34.0408189701,4486
PGC576636,47.2063041264,4564
PGC577429,51.5228644582,1783
PGC643983,175.388050184,15987
PGC648636,250.03453617,14506
PGC662260,328.095293113,20472
PGC765572,181.970085861,13281
NGC1201,20.3235701094,1597
PGC869197,353.183169792,23603
PGC906205,69.1830970919,4593
PGC998264,245.470891569,22941
PGC999654,195.884467351,15072
PGC1059326,67.9203632617,2702
PGC1114283,198.609491736,13497
PGC002501,222.843514927,16653
PGC1124612,358.096437103,31378
PGC1154145,136.144468247,13749
PGC1154577,193.196831702,18910
PGC1160052,264.240875732,27136
PGC1161680,208.929613085,19672
PGC679349,260.615355,15002
PGC1172545,322.106879128,32351
PGC1210567,51.2861383991,6058
PGC1392929,159.955802861,10914
UGC11149,238.781128291,16462
NGC7503,193.196831702,13365
PGC1506233,133.659551655,8359
PGC1809186,103.276140576,9384
PGC2078048,120.226443462,6161
PGC2793261,52.480746025,4637
PGC2793266,74.8169500511,5429
PGC2793272,66.9884609417,4225
PGC2793273,63.6795520908,5405
PGC2793293,74.1310241301,4478
PGC2793294,83.1763771103,5720
PGC2793297,48.9778819368,4560
PGC2793300,83.5603018231,4468
PGC2793302,45.2897579904,5717
PGC2793304,74.1310241301,5175
PGC2793305,109.144033645,4930
PGC2793306,52.7229861423,3942
PGC2793309,98.6279485631,5229
PGC2793310,63.9734835483,6133
PGC2793313,63.095734448,4724
PGC2793323,84.3334757764,4704
PGC2793324,88.7156012038,6134
PGC2793326,69.5024317589,5307
PGC2793329,68.2338694142,3370
PGC2793332,61.0942024906,5429
PGC2793338,61.9441075077,4804
PGC2793347,83.5603018231,3943
PGC2793348,60.5340874754,6133
PGC2793352,47.8630092323,4475
PGC3077814,64.2687717317,5270
PGC3078024,79.7994687268,3908
PGC3080012,68.2338694142,4940
PGC3081460,207.014134879,12712
PGC3114934,371.535229097,35904
PGC3116657,281.838293126,25977
VV169,116.949939102,9131
UGC04008,127.057410521,9234
UGC09425,169.044093164,10486
NGC7253,69.8232404077,4930
SDSSJ224142.05-000812.9,237.684028662,17485
SDSSJ103928.53+051101.1,359.749335156,20203
2MASXJ01270614+1906587,165.958690744,13036
2MASXJ01454460-5605518,369.82817978,26265
2MASXJ03372260-3302350,172.186857499,11584
2MASXJ09591870-1928233,68.5488226453,3439
2MASXJ12592407+2820498,353.183169792,20314
2MASXJ13524703+0518496,383.707245492,25157
SDSSJ212342.95-005035.0,275.422870334,18904
SDSSJ012648.45-011417.3,254.683025259,17269
[QQH97]J234014.21+261211.8,169.824365246,10374
SCPJ110136.37-060631.6,204.173794467,11841
NSFJ235412.09+272432.3,112.20184543,7373
NSFJ022743.32+281037.6,145.211161759,10561
SDSSJ121438.73+121347.7,325.087297385,19125
PGC5068230,133.659551655,9474
SDSSJ021404.48-001420.6,369.82817978,35328
NSFJ033923.74+350249.0,23.3345806228,974
SDSSJ223041.15-004634.4,283.13919958,27068
SDSSJ215704.19-001324.4,385.478357666,32611
SDSSJ030421.26-010347.0,394.457302075,37311
APMUKS(BJ)B033926.36-005631.5,396.278034255,37921
APMUKS(BJ)B231730.59-001946.5,387.257644922,33172
APMUKS(BJ)B002819.57-005941.4,392.6449354,35336
[WM92]212426.8-614612,345.143739336,22407
NGC3583,30.4789498963,2155
UGC05238,32.5087297385,1626
NGC5963,33.8844156139,819
IC1125,29.3764965196,2814
NGC4238,37.4973002245,2868
UGC07170,29.1071711807,2403
NGC3978,157.036280433,10046
PGC035705,30.3389118419,1485
UGC01333,260.615355,17780
NGC3982,23.4422881532,1191
PGC044592,57.8096047406,8013
NGC3756,20.5116217883,1358
PGC3116670,329.609712177,22950
IC4567,63.3869711257,5866
UGC08282,48.9778819368,2176
UGC00139,58.0764417521,4050
NGC4675,79.7994687268,4875
UGC10858,88.7156012038,5637
PGC086633,99.5405417352,3694
IC3322A,23.3345806228,923
NGC2619,52.7229861423,3417
NGC4814,42.6579518802,2598
UGC06575,34.5143739336,1296
PGC045981,164.437172321,7135
UGC10854,49.4310686987,3014
NGC3683,32.2106879128,1786
NGC4123,20.1372424986,1232
NGC5574,23.6591969749,1573
NGC5707,44.8745389933,2314
NGC5874,46.3446919736,3277
UGC05713,102.329299228,6251
UGC06355,32.8095293113,2170
UGC05542,142.56075936,9255
NGC5975,56.7544605409,4480
NGC2654,31.6227766017,1412
NGC3622,20.6062991327,1412
PGC043164,40.1790810849,6625
NGC5950,30.7609681474,2745
UGC04659,36.982817978,1784
NGC5350,27.6694164541,2400
UGC08988,33.5737614243,2213
PGC043840,103.276140576,7965
UGC04032,122.461619927,8075
UGC04824,34.0408189701,2218
PGC044975,97.7237220956,7592
UGC08114,26.7916832482,1966
UGC09071,30.9029543251,1946
NGC5698,63.6795520908,3734
NGC5894,40.926065973,2619
IC4011,94.6237161366,7283
IC2207,77.6247116629,4773
PGC025005,119.674053131,7484
UGC04725,42.4619563946,1952
NGC2770,26.6685866452,1912
NGC3454,20.6062991327,1026
NGC3501,22.5943577022,1053
UGC06603,25.003453617,1627
NGC3835,51.5228644582,2535
UGC06837,115.345325782,5918
NGC3947,83.1763771103,6161
NGC3972,20.0447202737,933
NGC4168,34.1979442514,2213
NGC4193,35.9749335156,2407
PGC039556,23.3345806228,1924
UGC07522,35.4813389234,1337
PGC044440,101.859138805,5464
NGC4854,138.03842646,8396
PGC044594,91.6220490122,6683
PGC044662,85.1138038202,8105
PGC044740,99.0831944893,6152
IC4045,97.2747223777,6983
UGC08166,55.4625712958,2897
PGC045190,54.7015962894,5521
IC4263,41.8793565118,2801
PGC059076,136.144468247,9001
PGC083753,61.3762005165,6915
NGC4353,28.5759054337,1044
NGC3020,21.6770410482,1333
NGC4045,32.5087297385,1867
NGC3471,24.2102904674,2202
UGC05354,32.9609712177,1196
IC0842,99.5405417352,7290
UGC09703,28.7078058202,2636
UGC10297,36.8128973643,2415
UGC04922,35.8096437103,2017
PGC045023,51.2861383991,7430
NGC3279,31.1888958409,1285
PGC083758,59.7035286584,7104
IC2219,66.6806769214,5166
NGC3873,76.5596606911,5333
IC4088,121.898959892,7130
PGC046604,195.884467351,15941
UGC05791,27.4157417193,889
PGC046640,155.596563161,10295
UGC07394,30.9029543251,1511
NGC4926,94.1889596523,7870
PGC056443,145.881426028,9716
NGC4919,84.3334757764,7314
NGC4348,31.6227766017,1900
NGC5719,26.4240875732,1716
UGC05844,27.6694164541,1429
NGC6264,143.879857826,10314
PGC037040,70.4693068967,7642
NGC3443,26.5460556198,1032
NGC4629,32.9609712177,1020
UGC10413,48.305880204,3109
UGC05990,25.7039578277,1557
NGC5962,32.2106879128,2040
NGC4041,50.3500608788,1311
NGC5485,25.7039578277,2027
NGC4233,32.9609712177,2200
NGC5376,53.4564359397,2198
NGC5443,31.7687407065,1919
NGC5430,41.304750199,3123
NGC5016,46.3446919736,2617
NGC3605,20.5116217883,608
IC1151,48.7528490103,2266
NGC3795,24.4343055269,1294
NGC4259,57.0164272281,2393
NGC3839,57.5439937337,5834
NGC3073,33.4195040026,1216
NGC4411B,26.7916832482,1205
IC3959,111.173172728,7043
PGC044928,93.3254300797,5817
PGC036856,95.9400631516,6770
PGC083663,147.231250243,6639
NGC4152,33.8844156139,2111
NGC4316,26.4240875732,1184
UGC08684,24.3220400907,2327
NGC5346,36.982817978,2581
UGC09057,29.7851642943,1545
UGC07579,40.926065973,2173
IC2348,108.642562362,5889
PGC044704,103.752841582,6192
UGC04777,32.0626932451,2006
UGC07153,48.7528490103,2714
PGC035978,89.949758153,6817
PGC051854,276.694164541,12185
UGC04257,59.7035286584,4104
UGC07424,25.1188643151,781
PGC044390,111.686324778,7140
IC3913,67.6082975392,7529
PGC083746,77.6247116629,5900
UGC09638,33.5737614243,2427
PGC083720,93.3254300797,7033
PGC083762,93.3254300797,8665
NGC5678,27.7971326776,2037
NGC3522,25.4683025259,1142
UGC08025,102.329299228,6332
NGC3850,20.5116217883,1233
NGC4141,37.4973002245,1993
PGC044560,173.780082875,7823
NGC3156,22.181964198,1209
NGC3549,40.5508535448,2910
IC3947,102.801629813,5666
UGC04395,49.2039535681,2140
UGC05107,34.8337315036,1868
PGC039813,21.6770410482,2484
PGC090803,80.1678063388,5284
NGC5584,28.1838293126,1627
IC2461,52.2396188999,2240
NGC3055,24.7742205763,1680
NGC3755,34.35579479,1579
UGC04414,120.226443462,7459
UGC04970,49.659232145,2401
NGC6104,140.604752413,8513
UGC10043,44.2588372363,2254
PGC028061,105.196187382,9899
PGC083757,63.3869711257,8244
PGC039894,32.8095293113,875
PGC083667,66.9884609417,6933
UGC09299,29.2415237784,1533
UGC04247,80.5378441199,2742
PGC083675,152.054752973,8352
PGC090815,66.6806769214,2426
UGC04113,98.174794302,5230
PGC1258718,126.473634747,8980
PGC090795,134.896288259,6808
PGC044848,76.5596606911,7654
PGC036132,83.5603018231,6714
NGC5290,32.9609712177,2639
NGC3652,23.550492839,1997
UGC08013,129.419584145,7886
UGC04482,42.2668614266,1999
PGC083665,58.8843655356,8122
UGC00866,23.550492839,1804
PGC083752,111.686324778,8127
PGC044546,164.437172321,7046
PGC083759,99.5405417352,7292
PGC090817,106.659612123,5588
UGC08642,33.1131121483,2515
UGC08662,35.4813389234,2081
PGC048783,104.231742939,7180
NGC5313,46.9894108605,2617
NGC5320,36.307805477,2691
NGC5371,31.477483141,2661
PGC049732,30.6196343369,2642
UGC08899,48.9778819368,2879
NGC5448,33.5737614243,2120
UGC08995,21.9785987278,1228
NGC5470,20.3235701094,1005
UGC09024,25.8226019063,2355
UGC09056,25.7039578277,2149
PGC050620,26.1818300822,4882
NGC5529,44.4631267469,2956
UGC09215,24.3220400907,1380
NGC5630,30.4789498963,2772
UGC09279,62.8058358813,4161
UGC09303,84.3334757764,4360
NGC5656,59.7035286584,3232
UGC09345,66.0693448008,2304
NGC5661,43.8530697775,2357
NGC5714,37.8442584717,2356
NGC5708,30.3389118419,2816
UGC09448,42.2668614266,2324
UGC09437,242.102904674,14451
NGC5730,27.5422870334,2636
NGC5727,43.0526610492,1586
NGC5740,29.2415237784,1565
UGC09530,83.9459986519,8594
UGC09556,55.2077439281,2462
UGC09612,157.036280433,10963
NGC5806,20.7014134879,1357
UGC09657,34.9945167028,2673
UGC09665,35.3183169792,2689
PGC053805,87.9022516831,14906
UGC09845,43.4510224172,1945
NGC5951,26.1818300822,1848
NGC6038,145.881426028,9511
PGC057064,187.93168168,10358
UGC10205,149.279440958,6691
NGC6063,45.2897579904,2916
IC1197,22.5943577022,1435
UGC07941,45.0816704541,2421
NGC6155,24.6603933723,2582
UGC07567,28.973435877,795
PGC044667,61.0942024906,8403
UGC07184,33.2659553294,2018
NGC2410,62.2300285169,4650
NGC5169,48.083934845,2501
IC3955,98.174794302,7681
PGC044675,111.686324778,7721
PGC083725,47.2063041264,7644
IC0718,22.0800473302,1892
NGC5301,20.8929613085,1598
UGC04424,74.1310241301,4337
UGC04148,28.1838293126,726
UGC04906,36.140986264,2318
NGC5777,42.8548520397,2295
UGC06015,201.372424986,12460
PGC213672,155.596563161,9105
IC4062,119.124200803,10902
PGC051473,172.186857499,11190
PGC214352,147.910838817,10112
PGC039401,103.752841582,6859
NGC3861,97.7237220956,5019
PGC083760,87.4983775227,5752
UGC00272,55.4625712958,3989
NGC0497,112.719745618,8193
UGC02081,40.3645392968,2628
NGC2424,48.9778819368,3340
UGC04132,82.035154433,5162
PGC022976,133.659551655,9458
NGC2543,29.6483138952,2449
PGC023146,65.1628394061,4194
UGC04299,57.2796030986,4219
UGC04324,57.5439937337,4732
PGC023347,55.9757601495,4766
UGC04332,134.896288259,5440
PGC023420,55.9757601495,4066
UGC04361,44.2588372363,3666
UGC04400,78.7045789695,4294
UGC04399,58.0764417521,4405
PGC023709,96.8277856261,5209
NGC2595,74.1310241301,4245
PGC023757,77.9830110523,6371
UGC04468,79.7994687268,7407
NGC2623,98.174794302,5428
UGC04614,116.412602941,7535
UGC04621,33.7287308659,2269
NGC2713,75.1622894018,3752
NGC2742,20.8929613085,1359
PGC025794,78.3429642766,5040
IC0530,81.6582371359,4844
UGC05020,32.0626932451,1590
NGC2916,39.0840895792,3636
UGC05218,51.2861383991,2966
NGC2998,58.8843655356,4782
NGC3041,24.3220400907,1308
UGC05347,40.1790810849,2001
UGC05358,42.2668614266,2803
UGC05393,26.9153480393,1418
NGC3118,28.0543363795,1306
PGC029466,59.1561634175,2656
NGC3131,75.8577575029,5015
UGC05522,40.7380277804,1095
PGC029953,116.412602941,7367
UGC05574,21.7770977235,1396
NGC3225,49.2039535681,2200
UGC05646,23.8781128291,1275
NGC3246,35.4813389234,2014
NGC3245A,26.5460556198,1281
UGC05691,269.153480393,16250
NGC3259,32.359365693,1775
NGC3294,30.0607630263,1561
PGC031552,107.151930524,6839
NGC3327,101.391138574,6249
NGC3332,80.9095899178,5723
NGC3338,23.3345806228,1202
UGC05897,35.4813389234,2613
UGC05958,23.4422881532,1144
NGC3437,30.3389118419,1203
UGC06083,31.915378551,862
UGC06104,50.5824662003,2868
NGC3592,20.5116217883,1228
UGC06271,31.6227766017,1978
UGC06309,35.6451133426,2910
UGC06332,92.0449571753,6165
NGC3629,35.4813389234,1475
UGC06363,101.391138574,6268
UGC06402,32.359365693,2489
UGC06399,20.3235701094,848
NGC3669,23.3345806228,1830
UGC06586,68.8652296344,3902
UGC06594,21.379620895,976
UGC06610,32.8095293113,1861
IC0719,23.6591969749,1742
PGC036349,80.5378441199,5928
PGC036371,69.8232404077,6274
UGC06679,74.4731973906,5193
PGC036683,65.1628394061,6979
PGC036779,118.032063565,6108
NGC3888,39.9944749761,2474
NGC3891,135.518941235,6278
UGC06774,58.0764417521,2502
UGC06780,40.7380277804,1599
UGC06791,31.6227766017,1818
PGC037153,48.5288500162,6601
UGC06879,32.0626932451,2272
UGC06891,83.9459986519,6706
NGC4017,50.1187233627,3433
IC0750,35.4813389234,740
UGC07016,113.762728582,7223
NGC4055,115.877735616,7291
NGC4059,113.240036324,7131
UGC07133,63.9734835483,2530
IC3021,56.4936974812,2470
NGC4165,56.7544605409,1811
NGC4172,136.144468247,9405
IC0769,38.194427084,2146
UGC07223,53.9510622515,2021
NGC4189,22.6986485188,2049
NGC4200,24.2102904674,2280
IC3061,41.1149721105,2262
NGC4224,57.8096047406,2510
UGC07301,26.5460556198,761
IC3099,34.5143739336,2062
IC3115,24.4343055269,656
NGC4252,21.7770977235,792
UGC07357,115.877735616,6658
NGC4260,36.307805477,1709
NGC4276,27.5422870334,2544
NGC4309,26.6685866452,969
PGC040059,22.6986485188,681
IC3225,29.3764965196,2298
PGC040115,23.550492839,1030
IC3229,24.3220400907,1468
IC3247,23.0144181741,575
NGC4343,21.9785987278,922
IC3267,37.3250157796,1162
IC3298,33.7287308659,2393
NGC4430,35.6451133426,1373
NGC4493,100.925288608,6830
NGC4495,72.4435960075,4571
IC3446,45.7088189615,1198
IC3520,22.0800473302,757
PGC041978,44.8745389933,9128
UGC07774,26.4240875732,574
NGC4591,43.4510224172,2360
NGC4598,27.1643926884,1899
UGC07848,54.2000890402,2613
NGC4620,21.0862814993,1080
UGC07877,102.329299228,5908
IC3690,129.419584145,7533
UGC07890,100.461579028,7517
UGC07934,154.170045295,9696
PGC043278,70.145529842,6903
UGC07978,104.231742939,8096
UGC07991,20.4173794467,1193
UGC08004,85.9013521505,6204
UGC08017,123.026877081,7089
NGC4793,26.7916832482,2507
IC3881,27.9254384124,901
PGC044159,95.0604793656,7309
NGC4824,114.287833479,7103
IC3917,142.56075936,6648
NGC4839,110.153930954,7350
NGC4840,101.391138574,6046
NGC4842,97.2747223777,7322
NGC4842:,121.338885046,7246
PGC044367,85.1138038202,7243
UGC08085,29.7851642943,2006
PGC044467,105.196187382,7160
PGC044469,137.404197501,6929
IC3943,95.9400631516,6819
PGC044519,41.686938347,6952
NGC4860,109.144033645,7994
PGC044547,109.144033645,6418
IC3960,103.752841582,6587
IC3957,119.124200803,6374
PGC044562,110.153930954,5751
IC3963,87.0963589956,6840
PGC044573,104.712854805,9477
PGC044576,72.1107479183,6073
PGC044581,57.0164272281,6496
PGC044596,111.686324778,6045
PGC044616,86.2978547767,6932
NGC4874,97.7237220956,7182
PGC044629,99.0831944893,7600
NGC4875,108.642562362,8022
PGC044649,126.473634747,6914
NGC4876,89.536476555,6715
IC3998,88.3079900419,9434
NGC4883,87.4983775227,8165
PGC044699,83.5603018231,6586
IC4012,95.9400631516,7252
PGC044723,82.7942163712,7520
IC4021,96.3829023624,5748
NGC4895,90.7820530178,8543
IC4026,82.035154433,8190
PGC044763,104.231742939,7018
NGC4896,85.9013521505,5971
PGC044792,93.3254300797,7659
PGC044809,111.173172728,8437
PGC044815,65.7657837355,6613
IC4051,131.825673856,4999
PGC044897,112.20184543,7658
NGC4921,95.4992586021,5485
NGC4923,100.0,5478
PGC044929,130.016957803,7565
NGC4929,121.898959892,6241
PGC045032,70.4693068967,8224
IC4111,44.0554863507,7776
UGC08162,105.196187382,7167
UGC08161,94.6237161366,6661
NGC4961,36.982817978,2548
NGC4979,50.1187233627,6331
PGC045498,160.694125301,10126
IC4202,122.461619927,7134
UGC08244,83.9459986519,7115
IC4210,78.7045789695,6383
NGC5004A,69.1830970919,7289
NGC5012,38.194427084,2611
UGC08294,78.7045789695,6134
UGC08317,75.8577575029,6068
NGC5081,124.165230759,6660
UGC08399,119.674053131,7275
NGC5116,41.686938347,2910
IC4239,264.240875732,14574
NGC5145,52.9663443892,1301
UGC08472,110.662378398,6554
NGC5185,112.719745618,7372
NGC5240,42.6579518802,2287
IC0902,27.6694164541,1714
NGC5246,108.14339513,6882
UGC08630,28.973435877,2462
NGC6195,145.211161759,9155
UGC11816,71.1213513653,4900
PGC083664,107.646521363,6891
PGC083669,46.7735141287,7788
PGC083671,74.4731973906,6567
PGC083681,108.14339513,7255
PGC083682,54.4502652842,7157
PGC083684,40.7380277804,7450
PGC083695,38.3707245492,6144
PGC083696,60.5340874754,6425
PGC083702,103.752841582,6960
PGC083716,71.4496326076,7194
PGC083719,94.1889596523,5919
PGC083727,99.0831944893,7021
PGC083729,101.859138805,6023
PGC083733,93.7562006926,6984
PGC083740,49.4310686987,8260
PGC083742,67.9203632617,7883
PGC083747,92.4698173938,7792
PGC083750,64.5654229035,8210
PGC083755,114.287833479,7619
PGC083764,109.144033645,5983
PGC083766,80.1678063388,7621
PGC090796,134.896288259,8528
PGC142820,69.1830970919,5014
PGC1130011,213.79620895,20081
PGC1183727,326.587832172,28268
PGC1676859,151.356124844,9364
PGC1808334,100.0,9761
PGC2172338,114.81536215,8074
2MASXJ00024910+0045055,285.759054337,26117
NGC4466,31.0455958813,682
IC3268,34.35579479,652
PGC090800,225.943577022,13625
PGC092948,191.425592502,13621
PGC094012,107.646521363,8386
NGC3951,80.5378441199,6422
NGC4380,20.1372424986,887
NGC4567,30.0607630263,2210
NGC5913,35.6451133426,2015
NGC5772,105.681750921,4982
NGC4288,26.0615355,588
UGC06792,21.5774440915,873
UGC04982,42.2668614266,2730
UGC05129,57.8096047406,3990
UGC05249,29.5120922667,1734
PGC044821,83.1763771103,8581
PGC040409,39.4457302075,805
NGC5676,34.0408189701,2225
NGC5633,36.4753946926,2437
NGC5900,53.703179637,2620
UGC05378,56.4936974812,4025
PGC035622,87.9022516831,6069
PGC083454,154.881661891,11328
NGC3359,21.379620895,1104
NGC4884,102.801629813,6460
NGC5184,57.8096047406,3920
NGC4305,41.686938347,1865
NGC4545,35.3183169792,2776
NGC4391,23.7684028662,1436
UGC09858,36.140986264,2744
NGC4318,21.8776162395,1141
NGC4390,26.1818300822,1036
NGC3625,36.140986264,2020
IC0851,44.0554863507,2620
UGC04054,27.0395836411,2055
NGC4502,27.5422870334,1589
PGC029306,78.3429642766,7088
PGC044268,100.925288608,7461
NGC3185,24.2102904674,1165
NGC4906,104.231742939,7514
PGC083703,100.925288608,7318
UGC09394,28.313919958,1802
PGC044805,75.5092227665,7933
PGC037463,95.4992586021,6296
NGC4561,23.7684028662,1372
UGC08328,113.240036324,6503
UGC06940,24.8885731828,1184
UGC06862,66.9884609417,2658
PGC083734,111.173172728,6268
PGC090806,107.151930524,6031
UGC07423,35.1560440528,1191
UGC04565,88.3079900419,3931